"wmc","dit","noc","cbo","rfc","lcom","ca","ce","npm","lcom3","dam","moa","mfa","cam","ic","cbm","amc","max_cc","avg_cc","bug","churn","bugdensity"
3.17805383034795,0.693147180559945,0,1.79175946922805,3.85014760171006,4.82028156560504,0.693147180559945,1.6094379124341,1.6094379124341,0.506269807175336,0.693147180559945,0.693147180559945,0,0.236715628590145,0,0,3.35371071532018,2.19722457733622,1.19522465056823,0,668,0
2.56494935746154,1.09861228866811,0,1.94591014905531,3.17805383034795,3.85014760171006,1.09861228866811,1.6094379124341,2.39789527279837,0.59783700065562,0.405465108108164,0,0.438254930931155,0.336472236621213,0.693147180559945,1.94591014905531,2.30258509299405,1.09861228866811,0.606117621586842,0,122,0
2.77258872223978,1.09861228866811,0,1.94591014905531,3.58351893845611,3.73766961828337,1.38629436111989,1.6094379124341,2.63905732961526,0.525010258476257,0.510825623965991,0,0.390866308981129,0.41651494451453,0.693147180559945,1.94591014905531,3.17805383034795,1.09861228866811,0.757670076575445,0,363,0
2.484906649788,1.09861228866811,0,1.79175946922805,3.09104245335832,3.78418963391826,1.09861228866811,1.38629436111989,2.30258509299405,0.615185639090233,0.405465108108164,0,0.456758402229048,0.349375641328916,0.693147180559945,1.94591014905531,2.34703685560836,1.09861228866811,0.693147180559945,0,117,0
1.6094379124341,0.693147180559945,0,2.19722457733622,2.89037175789616,0,1.38629436111989,1.79175946922805,1.38629436111989,0,0.693147180559945,0,0,0.405465108108164,0,0,3.35863776724336,1.09861228866811,0.810930216216329,1,116,0.00854700854700855
2.30258509299405,1.09861228866811,0,1.6094379124341,2.63905732961526,3.61091791264422,1.09861228866811,1.09861228866811,2.30258509299405,0.75377180237638,0.287682072201781,0,0.262364264467491,0.287682072201781,0,0,1.8458266904457,0.693147180559945,0.575376644825437,0,60,0
3.04452243772342,1.09861228866811,0,1.94591014905531,3.63758615972639,4.48863636973214,0.693147180559945,1.79175946922805,2.94443897916644,0.567106459813834,0.606135803388497,0.693147180559945,0.331357136057007,0.307484699747961,0.693147180559945,1.94591014905531,2.83907846350861,1.09861228866811,0.641853886172395,0,348,0
3.43398720448515,0.693147180559945,0,3.04452243772342,4.65396035015752,4.47733681447821,1.79175946922805,2.83321334405622,3.13549421592915,0.558630080571216,0.470003629245736,1.6094379124341,0,0.136411855355649,0,0,3.62966009445396,3.04452243772342,1.3609765531356,1,1151,0.000868055555555556
2.70805020110221,1.09861228866811,0,1.94591014905531,3.52636052461616,4.18965474202643,1.09861228866811,1.6094379124341,2.56494935746154,0.555946059281754,0.510825623965991,0,0.405465108108164,0.336472236621213,0.693147180559945,1.94591014905531,2.78147766948004,1.09861228866811,0.728224707172641,0,229,0
3.43398720448515,0.693147180559945,0,1.38629436111989,3.98898404656427,5.80513496891649,1.38629436111989,0,3.2188758248682,0.62784208194359,0,0,0,0.33050206987423,0,0,3.23343597633094,1.94591014905531,1.29014132621298,0,767,0
2.70805020110221,1.09861228866811,0,1.94591014905531,3.25809653802148,4.35670882668959,1.38629436111989,1.38629436111989,2.484906649788,0.621403275949038,0.587786664902119,0,0.405465108108164,0.417299565849285,0.693147180559945,1.79175946922805,2.69366146393997,1.09861228866811,0.693147180559945,0,212,0
2.56494935746154,0.693147180559945,0,2.70805020110221,3.63758615972639,4.20469261939097,2.70805020110221,0,2.39789527279837,0.737598943174258,0.693147180559945,0,0,0.242012035768125,0,0,3.71560252417355,2.39789527279837,1.27628416353671,1,494,0.00202020202020202
2.56494935746154,1.09861228866811,0,1.94591014905531,3.13549421592915,3.85014760171006,1.38629436111989,1.38629436111989,2.39789527279837,0.59783700065562,0.405465108108164,0,0.438254930931155,0.336472236621213,0.693147180559945,1.94591014905531,2.35137525716348,1.09861228866811,0.693147180559945,0,128,0
1.6094379124341,0.693147180559945,0,1.38629436111989,1.6094379124341,1.94591014905531,0.693147180559945,1.09861228866811,1.6094379124341,1.09861228866811,0,0,0,0.459532329167914,0,0,0,0.693147180559945,0.693147180559945,0,4,0
3.17805383034795,1.09861228866811,0,2.07944154167984,3.63758615972639,5.39362754635236,1.09861228866811,1.79175946922805,3.09104245335832,0.615536578044495,0.6190392083293,0,0.303682414036317,0.298492988588255,0.693147180559945,1.79175946922805,2.6875516792876,1.94591014905531,0.942036448292571,0,345,0
2.70805020110221,1.09861228866811,0,2.19722457733622,3.29583686600433,4.24849524204936,1.6094379124341,1.6094379124341,2.56494935746154,0.555946059281754,0.510825623965991,0,0.405465108108164,0.278713402144696,0.693147180559945,1.94591014905531,2.57587842777634,1.38629436111989,0.762160051846899,0,187,0
3.40119738166216,1.09861228866811,0,2.07944154167984,3.98898404656427,4.61512051684126,1.09861228866811,1.94591014905531,3.36729582998647,0.559615787935423,0.63598876677882,1.38629436111989,0.192371892547456,0.200222767248195,0.693147180559945,1.09861228866811,2.93715297267317,1.79175946922805,0.710250088459608,1,556,0.00179533213644524
1.6094379124341,0.693147180559945,0,0.693147180559945,1.6094379124341,1.94591014905531,0.693147180559945,0,1.6094379124341,1.09861228866811,0,0,0,0.405465108108164,0,0,0,0.693147180559945,0.693147180559945,0,4,0
0,0.693147180559945,0,0,0,0,0,0,0,1.09861228866811,0,0,0,0,0,0,0,0,0,0,7,0
2.70805020110221,1.09861228866811,0,2.07944154167984,3.29583686600433,4.06044301054642,1.38629436111989,1.6094379124341,2.56494935746154,0.570544858337178,0.510825623965991,0,0.405465108108164,0.393488916965063,0.693147180559945,1.94591014905531,2.61843804210002,1.09861228866811,0.61901613121687,0,195,0
3.25809653802148,1.09861228866811,0,2.484906649788,3.73766961828337,5.55682806169954,2.07944154167984,1.6094379124341,3.17805383034795,0.564366390504447,0.587786664902119,0,0.287682072201781,0.228841572315211,0.693147180559945,1.94591014905531,2.73176672771953,2.07944154167984,1.01523067972906,0,389,0
0.693147180559945,0.693147180559945,0,1.6094379124341,0.693147180559945,0,1.38629436111989,0.693147180559945,0.693147180559945,1.09861228866811,0,0,0,0.693147180559945,0,0,0,0.693147180559945,0.693147180559945,0,1,0
1.09861228866811,0.693147180559945,0,1.38629436111989,1.6094379124341,0,0.693147180559945,1.38629436111989,1.09861228866811,0,0,0.693147180559945,0,0.510825623965991,0,0,1.87180217690159,0.693147180559945,0.405465108108164,0,14,0
2.484906649788,1.09861228866811,0,1.6094379124341,2.83321334405622,4.02535169073515,1.09861228866811,1.38629436111989,2.484906649788,0.741937344729377,0.287682072201781,0,0.22314355131421,0.241162057031174,0,0,2.13470422040865,0.693147180559945,0.597847000705621,0,96,0
2.77258872223978,1.09861228866811,0,2.19722457733622,3.55534806148941,4.47733681447821,1.38629436111989,1.79175946922805,2.56494935746154,0.626702080922785,0.587786664902119,0,0.390866308981129,0.41651494451453,0.693147180559945,1.79175946922805,2.70805020110221,1.09861228866811,0.693147180559945,0,230,0
2.89037175789616,1.09861228866811,0,2.19722457733622,3.73766961828337,4.20469261939097,1.6094379124341,1.6094379124341,2.77258872223978,0.615185639090233,0.336472236621213,0,0.364643113587909,0.272866986517387,0.693147180559945,1.94591014905531,2.91617964210681,1.38629436111989,0.804375447245654,0,319,0
3.17805383034795,1.09861228866811,0,2.30258509299405,3.61091791264422,5.40267738187228,1.79175946922805,1.6094379124341,3.09104245335832,0.546543706210175,0.559615787935423,0,0.303682414036317,0.265703165666339,0.693147180559945,1.94591014905531,2.71094455907077,2.07944154167984,1.03889766934045,0,350,0
2.83321334405622,1.09861228866811,1.09861228866811,1.94591014905531,3.46573590279973,4.63472898822964,1.38629436111989,1.38629436111989,2.484906649788,0.65924562871185,0.559615787935423,0.693147180559945,0.162518929297775,0.174353386744778,0,0,6.4217238886592,1.79175946922805,0.782759339249632,1,9849,0.000101522842639594
3.04452243772342,1.09861228866811,0,1.79175946922805,3.58351893845611,4.74493212836325,0.693147180559945,1.6094379124341,2.94443897916644,0.629777566384365,0.441832752564753,0,0.331357136057007,0.371563556432483,0.693147180559945,1.94591014905531,2.86505394991188,1.09861228866811,0.641853886172395,0,360,0
2.63905732961526,1.09861228866811,0,1.38629436111989,3.2188758248682,4.17438726989564,0.693147180559945,1.09861228866811,2.484906649788,0.633043256313249,0.470003629245736,0,0.421213465201304,0.405465108108164,0.693147180559945,1.94591014905531,2.36230432765944,0.693147180559945,0.570527467012035,0,143,0
1.6094379124341,0.693147180559945,0,1.38629436111989,1.6094379124341,1.94591014905531,1.38629436111989,0,1.6094379124341,1.09861228866811,0,0,0,0.559615787935423,0,0,0,0.693147180559945,0.693147180559945,0,4,0
2.56494935746154,1.09861228866811,0,1.94591014905531,3.17805383034795,3.85014760171006,1.09861228866811,1.6094379124341,2.39789527279837,0.59783700065562,0.405465108108164,0,0.438254930931155,0.336472236621213,0.693147180559945,1.94591014905531,2.30258509299405,1.09861228866811,0.606117621586842,0,122,0
0.693147180559945,1.6094379124341,0,4.8283137373023,1.09861228866811,0,4.8283137373023,0,0.693147180559945,1.09861228866811,0,0,0.693147180559945,0.693147180559945,0,0,1.6094379124341,0,0,0,5,0
2.07944154167984,1.09861228866811,0,1.38629436111989,2.39789527279837,2.30258509299405,1.09861228866811,1.09861228866811,2.07944154167984,0.664976303364678,0.510825623965991,0,0.459532329167914,0.356674944238732,0.693147180559945,1.09861228866811,2.24374459301657,1.09861228866811,0.693147180559945,0,69,0
0.693147180559945,0.693147180559945,0,0.693147180559945,1.09861228866811,0,0.693147180559945,0,0,1.09861228866811,0,0,0,0.693147180559945,0,0,1.38629436111989,0,0,0,6,0
2.70805020110221,1.09861228866811,0,1.38629436111989,3.43398720448515,3.58351893845611,0.693147180559945,1.09861228866811,2.56494935746154,0.514664400027179,0,0,0.377294230912897,0.284104251426478,0.693147180559945,1.79175946922805,2.49084138518947,1.79175946922805,0.857432049867749,0,173,0
3.29583686600433,0.693147180559945,1.38629436111989,2.30258509299405,3.76120011569356,5.78689738136671,2.19722457733622,0.693147180559945,3.13549421592915,0.712949807856125,0,0,0,0.434940926324106,0,0,3.27569229985372,2.39789527279837,1.08569589673488,1,693,0.00144092219020173
2.30258509299405,1.09861228866811,0,1.79175946922805,3.13549421592915,1.09861228866811,1.09861228866811,1.6094379124341,2.19722457733622,0.510825623965991,0.154150680112972,0.693147180559945,0.430782915792454,0.287682072201781,0.693147180559945,1.09861228866811,3.08089008199634,1.09861228866811,0.635994649055637,0,202,0
1.38629436111989,0.693147180559945,0,1.38629436111989,1.79175946922805,1.38629436111989,1.38629436111989,0,1.09861228866811,1.09861228866811,0,0,0,0.405465108108164,0,0,2.66258782679289,0.693147180559945,0.510845623565993,0,43,0
1.38629436111989,0.693147180559945,0,2.07944154167984,2.39789527279837,0,1.79175946922805,1.09861228866811,1.38629436111989,0.22314355131421,0.693147180559945,0,0,0.510825623965991,0,0,3.23212105148664,0.693147180559945,0.510845623565993,0,78,0
2.56494935746154,1.09861228866811,0,1.79175946922805,3.13549421592915,3.85014760171006,1.09861228866811,1.38629436111989,2.39789527279837,0.59783700065562,0.405465108108164,0,0.438254930931155,0.336472236621213,0.693147180559945,1.94591014905531,2.3434070875463,1.09861228866811,0.693147180559945,0,127,0
1.6094379124341,1.09861228866811,0,1.79175946922805,2.484906649788,1.6094379124341,0.693147180559945,1.6094379124341,1.09861228866811,0.606135803388497,0.693147180559945,0.693147180559945,0.405465108108164,0.336472236621213,0.693147180559945,0.693147180559945,3.27714473299218,1.38629436111989,0.810930216216329,0,108,0
0.693147180559945,0.693147180559945,0,2.30258509299405,0.693147180559945,0,2.30258509299405,0,0.693147180559945,1.09861228866811,0,0,0,0.693147180559945,0,0,0,0.693147180559945,0.693147180559945,0,1,0
3.46573590279973,1.09861228866811,0,2.07944154167984,3.80666248977032,5.14749447681345,1.38629436111989,1.6094379124341,3.36729582998647,0.622665105581139,0.650587566315062,2.30258509299405,0.254234138220976,0.249460859371843,0.693147180559945,1.94591014905531,2.54236370486355,1.09861228866811,0.643536680006611,0,406,0
3.61091791264422,1.09861228866811,0,1.94591014905531,4.06044301054642,5.28320372873799,0.693147180559945,1.79175946922805,3.55534806148941,0.64674546602244,0.448024722332516,1.94591014905531,0.22314355131421,0.245122458206898,0.693147180559945,1.94591014905531,2.9971201989398,1.09861228866811,0.664953446189163,0,744,0
2.484906649788,0.693147180559945,0,2.07944154167984,2.89037175789616,2.30258509299405,1.6094379124341,1.38629436111989,2.484906649788,0.22314355131421,0.693147180559945,0,0,0.420502985651809,0,0,2.02094533493799,0.693147180559945,0.492498707073107,0,85,0
1.38629436111989,0.693147180559945,0,0.693147180559945,2.30258509299405,0,0.693147180559945,0,1.38629436111989,0,0,0,0,0.405465108108164,0,0,3.32022831924897,0.693147180559945,0.510845623565993,0,86,0
2.63905732961526,1.09861228866811,0,1.79175946922805,3.17805383034795,4.20469261939097,1.09861228866811,1.38629436111989,2.484906649788,0.590868331685681,0.510825623965991,0,0.421213465201304,0.405465108108164,0.693147180559945,1.94591014905531,2.35503156832279,1.09861228866811,0.613129472573914,0,140,0
2.89037175789616,0.693147180559945,0,3.61091791264422,4.56434819146784,4.67282883446191,2.30258509299405,3.36729582998647,2.63905732961526,0.3031862592339,0.693147180559945,1.09861228866811,0,0.135226787130716,0,0,3.29365584003613,1.09861228866811,0.750283371930754,0,461,0
4.14313472639153,1.09861228866811,0,2.70805020110221,4.69134788222914,7.30787278076371,1.79175946922805,2.39789527279837,4.04305126783455,0.67190594027615,0.396881364296083,0,0.147920130201622,0.185341186453269,0.693147180559945,1.94591014905531,2.99975642378946,1.94591014905531,0.876801182587679,0,1284,0
2.99573227355399,1.09861228866811,0,1.79175946922805,3.58351893845611,4.70048036579242,0.693147180559945,1.6094379124341,2.89037175789616,0.597440096349487,0.6190392083293,0.693147180559945,0.341749293432583,0.313657559124272,0.693147180559945,1.94591014905531,2.60852060587146,1.09861228866811,0.639060514656179,0,265,0
2.30258509299405,1.09861228866811,0,2.30258509299405,2.89037175789616,3.43398720448515,1.38629436111989,2.07944154167984,1.94591014905531,0.559615787935423,0.693147180559945,0.693147180559945,0.424883194157574,0.341749293432583,0.693147180559945,0.693147180559945,1.79175946922805,0.693147180559945,0.635994649055637,0,55,0
1.09861228866811,0.693147180559945,0,1.94591014905531,2.19722457733622,0.693147180559945,0,1.94591014905531,1.09861228866811,1.09861228866811,0,0,0,0.405465108108164,0,0,2.63905732961526,0.693147180559945,0.405465108108164,1,28,0.0344827586206897
3.04452243772342,1.09861228866811,0,1.79175946922805,3.58351893845611,4.74493212836325,0.693147180559945,1.6094379124341,2.94443897916644,0.618026550148575,0.485507815781701,0,0.331357136057007,0.371563556432483,0.693147180559945,1.94591014905531,2.86505394991188,1.09861228866811,0.641853886172395,0,359,0
2.30258509299405,1.09861228866811,0,1.6094379124341,2.63905732961526,3.61091791264422,1.09861228866811,1.09861228866811,2.30258509299405,0.75377180237638,0,0,0.262364264467491,0.287682072201781,0,0,1.8458266904457,0.693147180559945,0.575376644825437,0,58,0
1.94591014905531,0.693147180559945,0,2.07944154167984,3.13549421592915,1.38629436111989,0.693147180559945,1.94591014905531,1.94591014905531,0.559615787935423,0.693147180559945,1.09861228866811,0,0.287682072201781,0,0,2.88106936504694,0.693147180559945,0.606117621586842,1,111,0.00892857142857143
3.25809653802148,1.09861228866811,0,1.94591014905531,3.68887945411394,4.67282883446191,1.09861228866811,1.6094379124341,3.25809653802148,0.561777951060868,0.646627164877433,2.07944154167984,0.109199291620164,0.165514438477573,0,0,2.94654202936322,2.19722457733622,0.841567185678219,0,487,0
2.19722457733622,0.693147180559945,0,1.09861228866811,2.56494935746154,2.19722457733622,0,1.09861228866811,2.07944154167984,0.599621122313828,0.080042707365844,0,0,0.496436886400848,0,0,2.68273239311792,0.693147180559945,0.485507815781701,0,129,0
3.25809653802148,1.09861228866811,0,2.30258509299405,3.95124371858143,5.43372200355424,1.94591014905531,1.38629436111989,3.04452243772342,0.57145024539419,0.606135803388497,0,0.287682072201781,0.224285755550521,1.09861228866811,1.94591014905531,2.80457176809283,1.94591014905531,0.970778917158225,0,419,0
3.13549421592915,1.09861228866811,0,2.07944154167984,3.85014760171006,4.66343909411207,0.693147180559945,1.94591014905531,3.04452243772342,0.652655819395291,0.336472236621213,1.09861228866811,0.312374685286055,0.225737586294365,0.693147180559945,1.94591014905531,2.91777073208428,1.09861228866811,0.646631926818477,0,422,0
2.484906649788,0.693147180559945,0,1.79175946922805,3.09104245335832,2.30258509299405,1.09861228866811,1.38629436111989,2.484906649788,0.22314355131421,0.693147180559945,0,0,0.374693449753911,0,0,2.10191439755412,0.693147180559945,0.492498707073107,0,92,0
0,0.693147180559945,0,0,0,0,0,0,0,1.09861228866811,0,0,0,0,0,0,0,0,0,0,4,0
2.83321334405622,1.38629436111989,0,1.6094379124341,3.36729582998647,4.79579054559674,0.693147180559945,1.38629436111989,2.83321334405622,0.725937003544226,0,0,0.485507815781701,0.4260843953109,0,0,1.86214026598985,0.693147180559945,0.661398482245365,0,104,0
2.39789527279837,1.09861228866811,0,1.6094379124341,2.70805020110221,3.8286413964891,1.09861228866811,1.09861228866811,2.39789527279837,0.747214401777589,0.287682072201781,0,0.241162057031174,0.27763173659828,0,0,1.85629799036563,0.693147180559945,0.587786664902119,1,67,0.0147058823529412
2.56494935746154,0.693147180559945,0,2.07944154167984,3.43398720448515,3.89182029811063,1.09861228866811,1.79175946922805,2.30258509299405,0.59783700065562,0.693147180559945,1.09861228866811,0,0.405465108108164,0,0,3.26766598903763,1.6094379124341,0.882402973206798,1,322,0.00309597523219814
0,0.693147180559945,0,1.6094379124341,0,0,1.6094379124341,0,0,1.09861228866811,0,0,0,0,0,0,0,0,0,0,1,0
2.77258872223978,1.09861228866811,0,1.6094379124341,3.25809653802148,4.47733681447821,1.09861228866811,1.09861228866811,2.63905732961526,0.589768826343734,0.559615787935423,0,0.390866308981129,0.39429180728532,0.693147180559945,1.94591014905531,2.22642373206445,0.693147180559945,0.587786664902119,0,143,0
1.79175946922805,0.693147180559945,0,1.79175946922805,1.94591014905531,1.09861228866811,1.38629436111989,1.09861228866811,1.6094379124341,0.559615787935423,0.693147180559945,1.09861228866811,0,0.307484699747961,0,0,1.85629799036563,0.693147180559945,0.587786664902119,0,36,0
2.56494935746154,1.09861228866811,0,1.79175946922805,3.2188758248682,3.85014760171006,0.693147180559945,1.6094379124341,2.39789527279837,0.693147180559945,0.154150680112972,0,0.438254930931155,0.405465108108164,0.693147180559945,1.94591014905531,2.44956728305492,1.09861228866811,0.606117621586842,0,145,0
2.39789527279837,1.09861228866811,0,1.79175946922805,2.99573227355399,1.79175946922805,1.09861228866811,1.38629436111989,2.19722457733622,0.554310735854666,0.693147180559945,0,0.262364264467491,0.205852054552986,0.693147180559945,1.09861228866811,3.09104245335832,1.38629436111989,0.78845736036427,0,223,0
2.07944154167984,0.693147180559945,0,2.89037175789616,3.95124371858143,1.38629436111989,0,2.89037175789616,1.94591014905531,0.080042707365844,0.693147180559945,0.693147180559945,0,0.265107750742009,0,0,3.68887945411394,1.94591014905531,1.04980712438618,0,282,0
2.30258509299405,1.09861228866811,0,1.6094379124341,2.63905732961526,3.61091791264422,1.09861228866811,1.09861228866811,2.30258509299405,0.75377180237638,0,0,0.262364264467491,0.287682072201781,0,0,1.89711998493588,0.693147180559945,0.575376644825437,0,62,0
1.6094379124341,0.693147180559945,0,1.09861228866811,3.2188758248682,1.6094379124341,0.693147180559945,0.693147180559945,1.09861228866811,0.287682072201781,0.693147180559945,0,0,0.382992252483378,0,0,3.59043938130068,1.38629436111989,0.810930216216329,0,146,0
2.56494935746154,1.09861228866811,0,1.94591014905531,3.17805383034795,3.85014760171006,1.09861228866811,1.6094379124341,2.39789527279837,0.59783700065562,0.405465108108164,0,0.438254930931155,0.336472236621213,0.693147180559945,1.94591014905531,2.30258509299405,1.09861228866811,0.606117621586842,0,122,0
3.25809653802148,1.09861228866811,0,2.63905732961526,4.31748811353631,4.55387689160054,1.38629436111989,2.39789527279837,3.04452243772342,0.640503446844794,0.325422400712406,1.09861228866811,0.287682072201781,0.233376727707361,1.09861228866811,2.07944154167984,2.94864066602014,1.94591014905531,0.924258901523332,0,490,0
1.94591014905531,0.693147180559945,0,2.89037175789616,3.8286413964891,1.79175946922805,0.693147180559945,2.89037175789616,1.94591014905531,0.438254930931155,0,1.09861228866811,0,0.318453731118535,0,0,3.70130197411249,2.39789527279837,1.29929207499803,1,247,0.00403225806451613
2.07944154167984,1.09861228866811,0,1.94591014905531,2.70805020110221,2.30258509299405,1.79175946922805,1.09861228866811,1.79175946922805,0.405465108108164,0.693147180559945,0.693147180559945,0.614366302444536,0.294799540327028,0,0,1.90423745261219,0.693147180559945,0.539004834031298,0,48,0
1.6094379124341,1.09861228866811,0,0.693147180559945,2.56494935746154,1.6094379124341,0,0.693147180559945,1.6094379124341,0.510825623965991,0.693147180559945,0,0.63598876677882,0.405465108108164,0.693147180559945,0.693147180559945,2.37490575457367,1.09861228866811,0.810930216216329,0,44,0
2.56494935746154,1.09861228866811,0,1.94591014905531,2.94443897916644,4.00733318523247,1.6094379124341,1.09861228866811,2.19722457733622,0.654532344306181,0.693147180559945,0.693147180559945,0.207639364965745,0.271933715483642,0.693147180559945,1.09861228866811,2.89037175789616,1.79175946922805,0.847283574570876,0,222,0
0,0.693147180559945,0,0.693147180559945,0,0,0.693147180559945,0,0,1.09861228866811,0,0,0,0,0,0,0,0,0,0,5,0
3.89182029811063,1.09861228866811,0,2.07944154167984,4.17438726989564,5.09375020080676,1.38629436111989,1.6094379124341,3.85014760171006,0.621491191836367,0.667829372575655,2.56494935746154,0.179340928297608,0.281412459438185,0.693147180559945,1.94591014905531,2.89844096576091,1.38629436111989,0.693147180559945,0,891,0
2.70805020110221,1.09861228866811,0,2.19722457733622,3.29583686600433,4.24849524204936,1.6094379124341,1.6094379124341,2.56494935746154,0.555946059281754,0.510825623965991,0,0.405465108108164,0.278713402144696,0.693147180559945,1.94591014905531,2.58129849513874,1.38629436111989,0.762160051846899,0,188,0
2.89037175789616,1.09861228866811,0,2.30258509299405,3.49650756146648,4.31748811353631,1.79175946922805,1.6094379124341,2.63905732961526,0.559615787935423,0.559615787935423,0,0.364643113587909,0.257829109256645,0.693147180559945,1.94591014905531,2.56041420225069,1.09861228866811,0.750283371930754,0,224,0
1.79175946922805,1.09861228866811,2.94443897916644,3.09104245335832,1.94591014905531,2.39789527279837,3.04452243772342,0.693147180559945,1.79175946922805,0.810930216216329,0,0,0.492476484875572,0.470003629245736,0,0,0.693147180559945,0.693147180559945,0.587786664902119,0,13,0
2.484906649788,0.693147180559945,0,1.79175946922805,3.09104245335832,2.30258509299405,1.09861228866811,1.38629436111989,2.484906649788,0.22314355131421,0.693147180559945,0,0,0.374693449753911,0,0,2.10191439755412,0.693147180559945,0.492498707073107,0,92,0
3.04452243772342,1.09861228866811,0,1.79175946922805,3.49650756146648,4.74493212836325,0.693147180559945,1.6094379124341,2.94443897916644,0.581921545332074,0.606135803388497,0,0.331357136057007,0.371563556432483,0.693147180559945,1.94591014905531,2.86505394991188,1.09861228866811,0.641853886172395,0,357,0
3.2188758248682,1.09861228866811,0,1.94591014905531,3.76120011569356,0,0.693147180559945,1.79175946922805,3.13549421592915,0.59783700065562,0.492476484875572,1.79175946922805,0.295464212893836,0.255933374395265,0.693147180559945,1.94591014905531,2.84296951919576,1.09861228866811,0.65060495729427,0,423,0
3.13549421592915,1.09861228866811,0,2.19722457733622,3.58351893845611,5.13579843705026,1.79175946922805,1.38629436111989,3.04452243772342,0.666176063536232,0.302280871525108,0,0.312374685286055,0.366850271854401,0.693147180559945,1.94591014905531,2.60940111996548,1.09861228866811,0.646631926818477,1,316,0.00315457413249211
1.79175946922805,0.693147180559945,0,1.09861228866811,1.94591014905531,0,0.693147180559945,0.693147180559945,1.79175946922805,0.459532329167914,0.693147180559945,1.09861228866811,0,0.336472236621213,0,0,2.07944154167984,0.693147180559945,0.587786664902119,0,43,0
2.30258509299405,0.693147180559945,0,1.6094379124341,2.89037175789616,0,0.693147180559945,1.38629436111989,2.07944154167984,0.405465108108164,0.693147180559945,0.693147180559945,0,0.412845215332257,0,0,3.24085473176089,1.09861228866811,0.747209138658476,0,234,0
3.66356164612965,1.09861228866811,0,1.94591014905531,4.12713438504509,5.90808293816893,0.693147180559945,1.79175946922805,3.61091791264422,0.617374622058461,0.65924562871185,1.6094379124341,0.214409871520894,0.243977637845918,0.693147180559945,1.94591014905531,3.03697523193653,1.09861228866811,0.666495149562519,0,807,0
1.6094379124341,0.693147180559945,1.6094379124341,1.79175946922805,1.94591014905531,1.94591014905531,1.6094379124341,0.693147180559945,0.693147180559945,1.09861228866811,0,0,0,0.510825623965991,0,0,1.32175583998232,0.693147180559945,0.559615787935423,0,15,0
2.484906649788,1.09861228866811,0,2.07944154167984,3.40119738166216,3.78418963391826,1.09861228866811,1.79175946922805,2.30258509299405,0.615185639090233,0.405465108108164,0,0.456758402229048,0.349375641328916,0.693147180559945,1.94591014905531,2.62598524817948,1.09861228866811,0.646631926818477,0,154,0
2.484906649788,1.09861228866811,0,1.79175946922805,3.09104245335832,3.78418963391826,1.09861228866811,1.38629436111989,2.30258509299405,0.615185639090233,0,0,0.456758402229048,0.349375641328916,0.693147180559945,1.94591014905531,2.34703685560836,1.09861228866811,0.693147180559945,0,117,0
1.79175946922805,1.09861228866811,0,1.38629436111989,3.04452243772342,0,0,1.38629436111989,1.6094379124341,0.405465108108164,0.693147180559945,0,0.63598876677882,0.405465108108164,0.693147180559945,0.693147180559945,3.30321697330195,2.56494935746154,1.75785791755237,1,138,0.00719424460431655
0.693147180559945,0.693147180559945,0,1.09861228866811,0.693147180559945,0,0.693147180559945,0.693147180559945,0.693147180559945,1.09861228866811,0,0,0,0.693147180559945,0,0,0,0.693147180559945,0.693147180559945,0,1,0
0.693147180559945,0.693147180559945,0,2.63905732961526,0.693147180559945,0,2.63905732961526,0,0.693147180559945,1.09861228866811,0,0,0,0.693147180559945,0,0,0,0.693147180559945,0.693147180559945,0,1,0
2.39789527279837,1.09861228866811,0,2.19722457733622,3.09104245335832,0,1.79175946922805,1.38629436111989,2.07944154167984,0.328504067052036,0.693147180559945,0,0.456758402229048,0.405465108108164,0.693147180559945,1.94591014905531,2.73436750941958,1.38629436111989,0.741937344729377,0,156,0
2.19722457733622,1.09861228866811,0,1.79175946922805,3.04452243772342,1.6094379124341,1.09861228866811,1.6094379124341,2.07944154167984,0.587786664902119,0.470003629245736,0,0.459532329167914,0.318453731118535,0.693147180559945,1.09861228866811,2.88340308858007,0.693147180559945,0.485507815781701,0,148,0
2.99573227355399,1.38629436111989,0,1.6094379124341,3.40119738166216,5.14749447681345,0.693147180559945,1.38629436111989,2.99573227355399,0.720546154964276,0,0,0.458307589585486,0.422856850509689,0,0,1.89974810724491,0.693147180559945,0.666495149562519,1,128,0.00775193798449612
0.693147180559945,0.693147180559945,0,1.6094379124341,0.693147180559945,0,1.38629436111989,0.693147180559945,0.693147180559945,1.09861228866811,0,0,0,0.693147180559945,0,0,0,0.693147180559945,0.693147180559945,0,1,0
2.56494935746154,1.09861228866811,0,1.94591014905531,3.13549421592915,3.85014760171006,1.38629436111989,1.38629436111989,2.39789527279837,0.59783700065562,0.405465108108164,0,0.438254930931155,0.336472236621213,0.693147180559945,1.94591014905531,2.35137525716348,1.09861228866811,0.693147180559945,0,128,0
2.19722457733622,1.09861228866811,0.693147180559945,2.484906649788,3.63758615972639,0,2.07944154167984,1.79175946922805,1.94591014905531,0.305381649445919,0.693147180559945,0,0.600773860557962,0.318453731118535,0.693147180559945,0.693147180559945,3.54095932403731,1.94591014905531,0.965080896043587,0,278,0
3.13549421592915,1.09861228866811,0,2.30258509299405,3.95124371858143,4.49980967033027,1.38629436111989,2.07944154167984,3.13549421592915,0.542956901731393,0.6190392083293,1.09861228866811,0.23841102326318,0.210071469936331,0.693147180559945,1.09861228866811,2.92511470653516,1.79175946922805,0.715642258387316,0,417,0
2.56494935746154,1.09861228866811,0,1.79175946922805,3.2188758248682,3.85014760171006,0.693147180559945,1.6094379124341,2.39789527279837,0.59783700065562,0.405465108108164,0,0.438254930931155,0.405465108108164,0.693147180559945,1.94591014905531,2.44956728305492,1.09861228866811,0.606117621586842,0,141,0
2.94443897916644,0.693147180559945,0,3.49650756146648,2.99573227355399,4.68213122712422,3.49650756146648,0,2.94443897916644,0.323787076966238,0.693147180559945,0,0,0.360002733798849,0,0,2.23359222147138,1.09861228866811,0.798497696167771,0,170,0
2.39789527279837,1.09861228866811,0,0,2.99573227355399,0,0,0,2.39789527279837,0,0.693147180559945,0,0.405465108108164,0.27763173659828,0.693147180559945,1.09861228866811,2.14006616349627,0.693147180559945,0.641853886172395,0,86,0
3.29583686600433,1.09861228866811,0,1.94591014905531,3.85014760171006,5.03695260241363,0.693147180559945,1.79175946922805,3.2188758248682,0.587786664902119,0.63598876677882,1.09861228866811,0.280301965331936,0.297251523353646,0.693147180559945,1.94591014905531,2.94038217830822,1.09861228866811,0.653938467334665,0,501,0
2.484906649788,1.09861228866811,0,1.79175946922805,3.09104245335832,3.91202300542815,1.09861228866811,1.38629436111989,2.30258509299405,0.680568398353085,0.22314355131421,0,0.456758402229048,0.420502985651809,0.693147180559945,1.94591014905531,2.24649562639108,1.09861228866811,0.597847000705621,0,108,0
4.44265125649032,0.693147180559945,0,4.47733681447821,5.59842195899838,7.85670679309584,3.8286413964891,3.78418963391826,3.85014760171006,0.645699951099903,0.693147180559945,1.6094379124341,0,0.155870370882043,0,0,3.6400892900695,2.99573227355399,1.07452449313902,1,3213,0.000311138767890479
1.94591014905531,0.693147180559945,0,1.09861228866811,2.19722457733622,2.77258872223978,1.09861228866811,0,1.94591014905531,0.78845736036427,0,0,0,0.287682072201781,0,0,3.13549421592915,1.6094379124341,1.09861228866811,0,139,0
2.39789527279837,1.09861228866811,0,1.6094379124341,2.70805020110221,3.8286413964891,1.09861228866811,1.09861228866811,2.39789527279837,0.747214401777589,0.287682072201781,0,0.241162057031174,0.27763173659828,0,0,1.85629799036563,0.693147180559945,0.587786664902119,1,67,0.0147058823529412
3.17805383034795,1.09861228866811,0,1.09861228866811,3.2188758248682,5.53733426701854,0.693147180559945,0.693147180559945,3.17805383034795,1.09861228866811,0,0,0.41985384527455,0.512563243430157,0.693147180559945,1.09861228866811,0.75632608236515,0.693147180559945,0.67115716266833,1,49,0.02
1.6094379124341,1.6094379124341,0,1.38629436111989,2.19722457733622,1.94591014905531,1.09861228866811,0.693147180559945,1.6094379124341,1.09861228866811,0,0,0.693147180559945,0.510825623965991,0,0,1.6094379124341,0,0,0,20,0
2.484906649788,1.09861228866811,0,1.79175946922805,3.09104245335832,3.91202300542815,1.09861228866811,1.38629436111989,2.30258509299405,0.693147180559945,0.182321556793955,0,0.456758402229048,0.420502985651809,0.693147180559945,1.94591014905531,2.24649562639108,1.09861228866811,0.597847000705621,0,109,0
2.70805020110221,1.09861228866811,0,1.79175946922805,3.2188758248682,4.24849524204936,1.09861228866811,1.38629436111989,2.56494935746154,0.570544858337178,0.510825623965991,0,0.405465108108164,0.393488916965063,0.693147180559945,1.94591014905531,2.38482319121786,1.09861228866811,0.61901613121687,0,155,0
2.39789527279837,0.693147180559945,1.09861228866811,1.94591014905531,2.70805020110221,2.99573227355399,1.38629436111989,1.6094379124341,1.94591014905531,0.476924072021344,0.693147180559945,1.09861228866811,0,0.281412459438185,0,0,1.93152141160321,1.38629436111989,0.832909122935104,0,71,0
2.39789527279837,1.09861228866811,0,1.6094379124341,2.94443897916644,3.52636052461616,1.09861228866811,1.38629436111989,2.30258509299405,0.624154309251565,0.470003629245736,0,0.405465108108164,0.249460859371843,0.693147180559945,1.09861228866811,2.12823170584927,0.693147180559945,0.53062825106217,0,89,0
0.693147180559945,0.693147180559945,0,0,1.09861228866811,0,0,0,0.693147180559945,1.09861228866811,0,0,0,0.693147180559945,0,0,1.38629436111989,0,0,0,51,0
3.63758615972639,1.09861228866811,0,2.39789527279837,4.00733318523247,5.85507192220243,1.94591014905531,1.6094379124341,3.58351893845611,0.611532470604687,0.656779536611293,1.79175946922805,0.218689200607687,0.246296856070617,0.693147180559945,1.94591014905531,2.8614283820576,1.6094379124341,0.758513483991198,0,661,0
2.56494935746154,1.09861228866811,0,1.79175946922805,3.13549421592915,4.00733318523247,1.09861228866811,1.38629436111989,2.39789527279837,0.59783700065562,0.405465108108164,0,0.438254930931155,0.405465108108164,0.693147180559945,1.94591014905531,2.26002547854047,1.09861228866811,0.606117621586842,0,117,0
2.56494935746154,1.09861228866811,0,1.6094379124341,3.2188758248682,3.85014760171006,0,1.6094379124341,2.39789527279837,0.59783700065562,0.405465108108164,0,0.438254930931155,0.405465108108164,0.693147180559945,1.94591014905531,2.44956728305492,1.09861228866811,0.606117621586842,0,141,0
3.13549421592915,0.693147180559945,0.693147180559945,2.70805020110221,4.04305126783455,5.28826703069454,1.6094379124341,2.39789527279837,2.83321334405622,0.59545320948149,0.435318070963728,0.693147180559945,0,0.314115329485154,0,0,2.81431939458726,1.6094379124341,0.715642258387316,1,378,0.00263852242744063
3.04452243772342,1.09861228866811,0,1.94591014905531,3.49650756146648,4.74493212836325,1.09861228866811,1.6094379124341,2.94443897916644,0.639079959234114,0.405465108108164,0,0.331357136057007,0.371563556432483,0.693147180559945,1.94591014905531,2.86505394991188,1.09861228866811,0.641853886172395,0,361,0
1.09861228866811,0.693147180559945,0,1.79175946922805,1.09861228866811,0.693147180559945,1.79175946922805,0,1.09861228866811,1.09861228866811,0,0,0,0.559615787935423,0,0,0,0.693147180559945,0.693147180559945,0,2,0
2.70805020110221,1.09861228866811,0,2.19722457733622,3.55534806148941,3.73766961828337,0.693147180559945,2.07944154167984,2.56494935746154,0.537392651420375,0,0,0.377294230912897,0.251314428503128,0.693147180559945,1.79175946922805,2.75910537217399,2.30258509299405,1.09861228866811,1,225,0.00442477876106195
2.63905732961526,1.09861228866811,0,2.19722457733622,3.49650756146648,3.97029191355212,1.6094379124341,1.6094379124341,2.484906649788,0.65924562871185,0.336472236621213,0,0.438254930931155,0.347401306881664,0.693147180559945,1.94591014905531,4.53425238605027,1.6094379124341,0.869031395389894,1,1216,0.000821692686935086
2.19722457733622,0.693147180559945,0,1.6094379124341,3.36729582998647,0,1.09861228866811,1.09861228866811,2.07944154167984,0.45198512347033,0.693147180559945,0.693147180559945,0,0.22314355131421,0,0,3.96556377235618,2.07944154167984,1.38629436111989,0,426,0
3.58351893845611,0.693147180559945,0,5.05624580534831,3.78418963391826,6.39024066706535,5.04342511691925,1.09861228866811,3.49650756146648,1.09861228866811,0,0,0,0.182321556793955,0,0,2.38218814363259,1.09861228866811,0.78845736036427,0,379,0
2.07944154167984,1.09861228866811,0,1.09861228866811,2.19722457733622,3.09104245335832,0,1.09861228866811,2.07944154167984,0.693147180559945,0.693147180559945,0,0.459532329167914,0.356674944238732,0.693147180559945,1.09861228866811,1.27296567569289,0.693147180559945,0.539004834031298,0,26,0
1.09861228866811,0.693147180559945,0,1.79175946922805,1.09861228866811,0.693147180559945,1.79175946922805,0,1.09861228866811,1.09861228866811,0,0,0,0.559615787935423,0,0,0,0.693147180559945,0.693147180559945,0,2,0
2.484906649788,1.09861228866811,0,1.79175946922805,3.09104245335832,3.91202300542815,1.09861228866811,1.38629436111989,2.30258509299405,0.65924562871185,0.287682072201781,0,0.456758402229048,0.420502985651809,0.693147180559945,1.94591014905531,2.2368337154701,1.09861228866811,0.597847000705621,0,106,0
1.09861228866811,0.693147180559945,0,1.38629436111989,2.83321334405622,0.693147180559945,0.693147180559945,1.09861228866811,1.09861228866811,1.09861228866811,0,0,0,0.405465108108164,0,0,4.74927052996185,2.89037175789616,2.2512917986065,0,231,0
1.79175946922805,0.693147180559945,0,1.38629436111989,3.09104245335832,0,1.09861228866811,0.693147180559945,1.6094379124341,0.405465108108164,0.693147180559945,0.693147180559945,0,0.53062825106217,0,0,3.38099467434464,1.09861228866811,0.78845736036427,0,149,0
3.2188758248682,1.09861228866811,0,1.94591014905531,3.73766961828337,3.66356164612965,0.693147180559945,1.79175946922805,3.13549421592915,0.559615787935423,0.628608659422374,1.6094379124341,0.295464212893836,0.300104592450338,0.693147180559945,1.94591014905531,2.86457900352446,1.09861228866811,0.65060495729427,0,429,0
2.484906649788,1.09861228866811,0,1.94591014905531,3.09104245335832,3.91202300542815,1.38629436111989,1.38629436111989,2.30258509299405,0.615185639090233,0.405465108108164,0,0.456758402229048,0.420502985651809,0.693147180559945,1.94591014905531,2.24649562639108,1.09861228866811,0.597847000705621,0,106,0
2.39789527279837,0.693147180559945,0,2.77258872223978,4.14313472639153,2.77258872223978,1.09861228866811,2.63905732961526,1.94591014905531,0.49740260316358,0.693147180559945,0,0,0.159427736780734,0,0,4.35670882668959,2.19722457733622,1.09861228866811,0,785,0
4.00733318523247,0.693147180559945,0,3.49650756146648,4.94875989037817,6.48004456192665,1.38629436111989,3.40119738166216,2.07944154167984,0.569241108694232,0.534082485964741,0.693147180559945,0,0.160420292949782,0,0,3.50042803695562,2.70805020110221,1.40009864209629,1,1806,0.000553403431101273
2.19722457733622,0.693147180559945,0,2.19722457733622,2.99573227355399,0,2.07944154167984,0.693147180559945,2.19722457733622,0.496436886400848,0.405465108108164,0,0,0.384411698910332,0,0,3.72267683369723,1.94591014905531,1.13943428318836,0,333,0
1.94591014905531,0.693147180559945,0,1.79175946922805,3.25809653802148,2.07944154167984,1.09861228866811,1.38629436111989,1.6094379124341,0.559615787935423,0.693147180559945,0,0,0.438254930931155,0,0,3.62877553013273,2.30258509299405,1.09861228866811,1,230,0.00432900432900433
3.2188758248682,1.09861228866811,0,1.94591014905531,3.73766961828337,4.4188406077966,0.693147180559945,1.79175946922805,3.13549421592915,0.568889424819213,0.628608659422374,1.38629436111989,0.295464212893836,0.300104592450338,0.693147180559945,1.94591014905531,2.88573137852571,1.09861228866811,0.65060495729427,0,438,0
1.6094379124341,0.693147180559945,0,1.94591014905531,2.83321334405622,1.6094379124341,0.693147180559945,1.94591014905531,1.6094379124341,0.287682072201781,0,0,0,0.34830669450351,0,0,3.00815479355255,1.38629436111989,0.810930216216329,1,82,0.0120481927710843
1.38629436111989,0.693147180559945,0,1.38629436111989,2.19722457733622,0,1.38629436111989,0,1.38629436111989,0,0,0,0,0.510825623965991,0,0,2.33537491578478,0.693147180559945,0.510845623565993,0,32,0
3.63758615972639,1.09861228866811,0,2.56494935746154,4.39444915467244,6.15485809401642,1.94591014905531,1.94591014905531,3.49650756146648,0.622416689214205,0.606135803388497,0,0.218689200607687,0.198518504341231,0.693147180559945,1.94591014905531,3.13901328109751,2.07944154167984,1.06191372555207,0,866,0
3.80666248977032,1.09861228866811,0,1.94591014905531,4.12713438504509,5.74620319054015,0.693147180559945,1.79175946922805,3.76120011569356,0.620826518830319,0.664976303364678,2.19722457733622,0.191891008191058,0.283126255710441,0.693147180559945,1.94591014905531,3.03473443157584,1.09861228866811,0.670134406250872,0,933,0
1.94591014905531,1.38629436111989,0,0.693147180559945,2.77258872223978,2.77258872223978,0.693147180559945,0,1.94591014905531,0.778580736694661,0.05264373343414,1.09861228866811,0.649850374656179,0.262364264467491,0.693147180559945,1.09861228866811,3.72970144871419,1.09861228866811,0.773205272730524,0,287,0
2.56494935746154,1.09861228866811,0,1.6094379124341,3.2188758248682,3.85014760171006,0,1.6094379124341,2.39789527279837,0.59783700065562,0.405465108108164,0,0.438254930931155,0.405465108108164,0.693147180559945,1.94591014905531,2.44956728305492,1.09861228866811,0.606117621586842,0,141,0
1.09861228866811,0.693147180559945,0,1.38629436111989,1.79175946922805,0,1.09861228866811,0.693147180559945,1.09861228866811,0,0,0,0,0.606135803388497,0,0,2.99573227355399,0.693147180559945,0.405465108108164,0,42,0
1.6094379124341,0.693147180559945,0,1.94591014905531,1.6094379124341,1.94591014905531,1.79175946922805,1.09861228866811,1.6094379124341,1.09861228866811,0,0,0,0.510825623965991,0,0,0,0.693147180559945,0.693147180559945,0,4,0
3.13549421592915,1.09861228866811,0,1.79175946922805,3.55534806148941,4.95582705760126,0.693147180559945,1.6094379124341,3.04452243772342,0.67161373309835,0.27443684594176,0,0.312374685286055,0.366850271854401,0.693147180559945,1.94591014905531,2.91037242440481,1.09861228866811,0.646631926818477,0,423,0
1.09861228866811,0.693147180559945,0,1.79175946922805,2.39789527279837,0.693147180559945,0.693147180559945,1.6094379124341,0,1.09861228866811,0,0,0,0.405465108108164,0,0,3.71357206670431,0.693147180559945,0.405465108108164,0,82,0
2.19722457733622,1.09861228866811,0,1.38629436111989,2.56494935746154,3.13549421592915,0.693147180559945,1.38629436111989,2.07944154167984,0.634306680688527,0.587786664902119,0,0.459532329167914,0.300104592450338,0.693147180559945,1.09861228866811,2.49526943682355,0.693147180559945,0.485507815781701,0,102,0
2.19722457733622,1.38629436111989,0,1.6094379124341,2.99573227355399,0,1.09861228866811,1.09861228866811,2.07944154167984,0.762140052113564,0.405465108108164,0,0.572519192925177,0.300104592450338,0.693147180559945,1.79175946922805,2.9894626605404,0.693147180559945,0.485507815781701,0,161,0
2.39789527279837,1.09861228866811,0,1.6094379124341,2.70805020110221,3.8286413964891,1.09861228866811,1.09861228866811,2.39789527279837,0.747214401777589,0.405465108108164,0,0.241162057031174,0.27763173659828,0,0,1.6094379124341,0.693147180559945,0.587786664902119,0,52,0
1.09861228866811,0.693147180559945,0,2.30258509299405,2.19722457733622,0.693147180559945,1.09861228866811,2.07944154167984,1.09861228866811,1.09861228866811,0,0,0,0.405465108108164,0,0,2.484906649788,0.693147180559945,0.405465108108164,0,24,0
2.94443897916644,1.09861228866811,0,1.79175946922805,3.36729582998647,4.71849887129509,1.09861228866811,1.38629436111989,2.83321334405622,0.574628580192158,0.587786664902119,0,0.352821374568688,0.377294230912897,0.693147180559945,1.94591014905531,2.5301632417301,1.09861228866811,0.635994649055637,0,231,0
2.83321334405622,0.693147180559945,0,1.38629436111989,2.89037175789616,4.36944785246702,1.09861228866811,0.693147180559945,2.83321334405622,0.427444014609548,0.693147180559945,0,0,0.255933374395265,0,0,2.35137525716348,2.30258509299405,0.965080896043587,0,172,0
1.94591014905531,0.693147180559945,0,1.94591014905531,1.94591014905531,2.77258872223978,1.94591014905531,0.693147180559945,1.94591014905531,1.09861228866811,0,0,0,0.459532329167914,0,0,0,0.693147180559945,0.693147180559945,0,6,0
1.79175946922805,1.6094379124341,1.09861228866811,1.79175946922805,2.07944154167984,1.6094379124341,1.79175946922805,0,1.79175946922805,0.405465108108164,0.693147180559945,0,0.664976303364678,0.470003629245736,0,0,1.7227665977411,0.693147180559945,0.182321556793955,0,29,0
2.19722457733622,1.38629436111989,0,1.38629436111989,2.77258872223978,3.29583686600433,1.09861228866811,0.693147180559945,2.07944154167984,0.6190392083293,0.22314355131421,0.693147180559945,0.641853886172395,0.294799540327028,0.693147180559945,0.693147180559945,3.29119648644783,1.38629436111989,0.75377180237638,0,219,0
3.2188758248682,1.09861228866811,0,1.79175946922805,3.73766961828337,0,0,1.79175946922805,3.13549421592915,0.540806455775395,0.628608659422374,1.94591014905531,0.295464212893836,0.300104592450338,0.693147180559945,1.94591014905531,2.82088273179725,1.09861228866811,0.65060495729427,0,411,0
1.79175946922805,1.38629436111989,0,1.38629436111989,2.07944154167984,1.6094379124341,1.38629436111989,0,1.79175946922805,0.405465108108164,0.693147180559945,0,0.664976303364678,0.470003629245736,0,0,1.7227665977411,0.693147180559945,0.182321556793955,0,29,0
2.30258509299405,0.693147180559945,0,4.80402104473326,5.02388052084628,3.49650756146648,0,4.80402104473326,1.79175946922805,0.559615787935423,0.405465108108164,0,0,0.226313126100805,0,0,4.97366390148374,4.77068462446567,2.72275488863683,0,1303,0
2.56494935746154,0.693147180559945,0,2.19722457733622,3.25809653802148,3.2188758248682,1.94591014905531,1.09861228866811,2.19722457733622,0.622529613541114,0.693147180559945,0,0,0.194156014205663,0,0,3.26766598903763,1.38629436111989,0.810930216216329,0,319,0
1.79175946922805,1.09861228866811,0,2.19722457733622,2.83321334405622,2.39789527279837,1.6094379124341,1.6094379124341,1.79175946922805,1.09861228866811,0,0,0.441832752564753,0.405465108108164,0,0,2.30258509299405,0.693147180559945,0.587786664902119,0,50,0
1.79175946922805,0.693147180559945,0,2.19722457733622,3.2188758248682,1.09861228866811,0,2.19722457733622,1.6094379124341,0.510825623965991,0,0.693147180559945,0,0.307484699747961,0,0,3.1267605359604,2.07944154167984,1.16315080980568,0,117,0
2.63905732961526,0.693147180559945,0,3.73766961828337,3.58351893845611,4.11087386417331,3.73766961828337,0,2.19722457733622,0.287682072201781,0.510825623965991,0,0,0.193066096107466,0,0,3.85667291039376,2.39789527279837,1.04598477126742,1,618,0.00161550888529887
2.19722457733622,0.693147180559945,0,2.07944154167984,2.89037175789616,0,1.09861228866811,1.79175946922805,2.07944154167984,0.45198512347033,0.693147180559945,1.09861228866811,0,0.377294230912897,0,0,2.79575578152132,1.38629436111989,0.864997437486605,1,134,0.00740740740740741
1.38629436111989,0.693147180559945,0,1.09861228866811,3.09104245335832,1.38629436111989,0,1.09861228866811,1.09861228866811,1.09861228866811,0,0,0,0.287682072201781,0,0,3.6198865825377,1.6094379124341,1.20396280427594,0,112,0
2.56494935746154,1.09861228866811,0,1.79175946922805,3.13549421592915,4.00733318523247,1.09861228866811,1.38629436111989,2.39789527279837,0.684014697088416,0.182321556793955,0,0.438254930931155,0.405465108108164,0.693147180559945,1.94591014905531,2.26002547854047,1.09861228866811,0.606117621586842,0,120,0
2.30258509299405,1.09861228866811,0,1.6094379124341,2.89037175789616,3.61091791264422,0.693147180559945,1.38629436111989,2.07944154167984,0.75377180237638,0,0,0.498991166404702,0.441832752564753,0.693147180559945,1.94591014905531,2.06545529971918,1.09861228866811,0.575376644825437,0,72,0
1.6094379124341,0.693147180559945,0,1.79175946922805,1.79175946922805,0,1.38629436111989,1.09861228866811,1.38629436111989,0.510825623965991,0.693147180559945,1.09861228866811,0,0.362905493689368,0,0,1.83258146374831,0.693147180559945,0.559615787935423,0,28,0
2.94443897916644,1.09861228866811,0,1.94591014905531,3.52636052461616,4.40671924726425,0.693147180559945,1.79175946922805,2.83321334405622,0.567984037405939,0.587786664902119,0,0.352821374568688,0.266628663594374,0.693147180559945,1.94591014905531,2.82336104741518,1.09861228866811,0.635994649055637,0,308,0
2.39789527279837,1.38629436111989,0,1.79175946922805,2.63905732961526,1.38629436111989,1.09861228866811,1.38629436111989,2.39789527279837,0.543615446459949,0.405465108108164,0,0.382992252483378,0.336472236621213,0.693147180559945,1.09861228866811,1.96009478404727,0.693147180559945,0.587786664902119,0,73,0
1.6094379124341,0.693147180559945,0,1.79175946922805,2.19722457733622,0,0.693147180559945,1.6094379124341,1.38629436111989,0,0.693147180559945,0.693147180559945,0,0.44628710262842,0,0,2.9704144655697,1.79175946922805,1.09861228866811,0,79,0
2.484906649788,0.693147180559945,0,2.484906649788,3.55534806148941,0,1.09861228866811,2.30258509299405,2.39789527279837,0.448950220260669,0.693147180559945,0.693147180559945,0,0.241162057031174,0,0,2.93482352056362,1.38629436111989,0.73759459529524,0,210,0
2.484906649788,1.09861228866811,0,1.79175946922805,3.09104245335832,3.78418963391826,1.09861228866811,1.38629436111989,2.30258509299405,0.615185639090233,0.405465108108164,0,0.456758402229048,0.420502985651809,0.693147180559945,1.94591014905531,2.24649562639108,1.09861228866811,0.597847000705621,0,106,0
2.30258509299405,0.693147180559945,0,2.19722457733622,2.30258509299405,3.61091791264422,1.79175946922805,1.6094379124341,2.30258509299405,1.09861228866811,0,0,0,0.273695830617886,0,0,0,0.693147180559945,0.693147180559945,0,9,0
3.76120011569356,0.693147180559945,0,1.94591014905531,4.49980967033027,0,1.6094379124341,1.09861228866811,3.73766961828337,0.693147180559945,0.0645385214500712,0.693147180559945,0,0.266020575853083,0,0,2.01807259532886,1.79175946922805,0.739649014211365,0,361,0
2.63905732961526,1.09861228866811,0,1.79175946922805,3.2188758248682,4.04305126783455,1.09861228866811,1.38629436111989,2.484906649788,0.575364145028562,0.510825623965991,0,0.421213465201304,0.405465108108164,0.693147180559945,1.94591014905531,2.36230432765944,1.09861228866811,0.613129472573914,0,141,0
2.56494935746154,1.09861228866811,0,1.94591014905531,3.17805383034795,3.85014760171006,1.09861228866811,1.6094379124341,2.39789527279837,0.59783700065562,0.405465108108164,0,0.438254930931155,0.336472236621213,0.693147180559945,1.94591014905531,2.30258509299405,1.09861228866811,0.606117621586842,0,122,0
2.39789527279837,1.09861228866811,0,1.38629436111989,2.56494935746154,1.38629436111989,1.09861228866811,1.09861228866811,2.30258509299405,0.650587566315062,0.405465108108164,0,0.405465108108164,0.249460859371843,0.693147180559945,1.09861228866811,2.11625551480255,1.09861228866811,0.641853886172395,0,87,0
2.484906649788,1.09861228866811,0,1.79175946922805,3.09104245335832,3.91202300542815,1.09861228866811,1.38629436111989,2.30258509299405,0.615185639090233,0.405465108108164,0,0.456758402229048,0.420502985651809,0.693147180559945,1.94591014905531,2.24649562639108,1.09861228866811,0.597847000705621,0,106,0
2.07944154167984,1.09861228866811,0,1.09861228866811,2.19722457733622,3.09104245335832,0.693147180559945,1.09861228866811,2.07944154167984,0.773189888387328,0.405465108108164,0,0.459532329167914,0.356674944238732,0.693147180559945,1.09861228866811,1.45528723267351,0.693147180559945,0.539004834031298,0,32,0
3.29583686600433,1.09861228866811,0,1.94591014905531,3.85014760171006,4.77068462446567,0.693147180559945,1.79175946922805,3.2188758248682,0.660811799729215,0.310154928570506,1.38629436111989,0.280301965331936,0.297251523353646,0.693147180559945,1.94591014905531,2.92192011579672,1.09861228866811,0.653938467334665,0,505,0
3.2188758248682,1.09861228866811,0,2.30258509299405,3.93182563272433,5.50125821054473,1.38629436111989,1.94591014905531,3.13549421592915,0.646166971433221,0.367724779817625,0,0.295464212893836,0.250542525329351,0.693147180559945,1.79175946922805,2.79575578152132,1.94591014905531,0.899470054143811,0,402,0
2.30258509299405,1.09861228866811,0,1.6094379124341,2.63905732961526,3.61091791264422,1.09861228866811,1.09861228866811,2.30258509299405,0.75377180237638,0,0,0.262364264467491,0.287682072201781,0,0,1.89711998493588,0.693147180559945,0.575376644825437,0,62,0
2.07944154167984,0.693147180559945,0,2.07944154167984,3.04452243772342,2.30258509299405,1.09861228866811,1.79175946922805,2.07944154167984,0.606135803388497,0.693147180559945,1.79175946922805,0,0.45198512347033,0,0,3.1720836634812,1.09861228866811,0.693147180559945,0,173,0
2.484906649788,1.09861228866811,0,1.79175946922805,3.09104245335832,3.91202300542815,1.09861228866811,1.38629436111989,2.30258509299405,0.65924562871185,0.287682072201781,0,0.456758402229048,0.420502985651809,0.693147180559945,1.94591014905531,2.24649562639108,1.09861228866811,0.597847000705621,0,107,0
1.6094379124341,0.693147180559945,0,2.39789527279837,3.91202300542815,0,0,2.39789527279837,1.6094379124341,0,0.693147180559945,1.09861228866811,0,0.44628710262842,0,0,4.80402104473326,2.19722457733622,1.09861228866811,0,492,0
2.30258509299405,1.09861228866811,0,1.6094379124341,2.63905732961526,3.61091791264422,1.09861228866811,1.09861228866811,2.30258509299405,0.75377180237638,0,0,0.262364264467491,0.287682072201781,0,0,1.8458266904457,0.693147180559945,0.575376644825437,0,59,0
2.83321334405622,0.693147180559945,0,3.04452243772342,4.02535169073515,0,2.30258509299405,2.70805020110221,2.70805020110221,0.405465108108164,0.693147180559945,1.38629436111989,0,0.181374138134597,0,0,3.33443416550247,1.94591014905531,0.723918839226699,0,453,0
2.30258509299405,1.09861228866811,0,1.79175946922805,2.89037175789616,3.61091791264422,1.09861228866811,1.38629436111989,2.07944154167984,0.75377180237638,0,0,0.498991166404702,0.441832752564753,0.693147180559945,1.94591014905531,2.06545529971918,1.09861228866811,0.575376644825437,0,72,0
2.30258509299405,0.693147180559945,0,2.39789527279837,3.04452243772342,0,2.39789527279837,0,2.30258509299405,0.22314355131421,0.693147180559945,0,0,0.270874954050654,0.693147180559945,0.693147180559945,3.47952922479508,2.07944154167984,1.06087580683171,1,294,0.00338983050847458
3.49650756146648,0.693147180559945,1.38629436111989,2.99573227355399,4.18965474202643,5.67332326717149,2.63905732961526,1.94591014905531,2.94443897916644,0.674294865643885,0.693147180559945,2.83321334405622,0,0.161932820269313,0,0,3.07673605770708,1.38629436111989,0.768393789934483,0,732,0
2.70805020110221,1.09861228866811,0,1.94591014905531,3.36729582998647,4.12713438504509,1.38629436111989,1.38629436111989,2.484906649788,0.592051063858789,0.405465108108164,0,0.405465108108164,0.405465108108164,0.693147180559945,1.79175946922805,2.8540041138899,1.6094379124341,0.728224707172641,0,245,0
1.94591014905531,0.693147180559945,3.89182029811063,3.91202300542815,4.04305126783455,2.77258872223978,3.91202300542815,3.85014760171006,1.94591014905531,0.78845736036427,0.693147180559945,0,0,0.510825623965991,0,0,5.03370056702725,0.693147180559945,0.606117621586842,0,923,0
2.56494935746154,1.09861228866811,0,1.79175946922805,3.13549421592915,4.00733318523247,1.09861228866811,1.38629436111989,2.39789527279837,0.670157662567805,0.22314355131421,0,0.438254930931155,0.405465108108164,0.693147180559945,1.94591014905531,2.26002547854047,1.09861228866811,0.606117621586842,0,119,0
2.89037175789616,1.09861228866811,0,2.07944154167984,3.49650756146648,4.29045944114839,1.38629436111989,1.6094379124341,2.77258872223978,0.583146285531663,0.606135803388497,0,0.364643113587909,0.238156343683527,0.693147180559945,1.94591014905531,2.78718752180586,1.6094379124341,0.830340609736152,0,282,0
2.56494935746154,1.09861228866811,0,1.79175946922805,3.13549421592915,3.85014760171006,1.09861228866811,1.38629436111989,2.39789527279837,0.59783700065562,0.405465108108164,0,0.438254930931155,0.336472236621213,0.693147180559945,1.94591014905531,2.3434070875463,1.09861228866811,0.693147180559945,0,127,0
2.39789527279837,1.09861228866811,0,1.94591014905531,2.94443897916644,3.8286413964891,1.38629436111989,1.38629436111989,2.19722457733622,0.747214401777589,0,0,0.476924072021344,0.421994410059375,0.693147180559945,1.94591014905531,2.05412373369555,1.09861228866811,0.587786664902119,0,79,0
2.30258509299405,1.09861228866811,0,1.6094379124341,2.63905732961526,3.61091791264422,1.09861228866811,1.09861228866811,2.30258509299405,0.75377180237638,0,0,0.262364264467491,0.287682072201781,0,0,1.89711998493588,0.693147180559945,0.575376644825437,0,62,0
2.56494935746154,1.09861228866811,0,1.79175946922805,3.2188758248682,3.85014760171006,0.693147180559945,1.6094379124341,2.39789527279837,0.684014697088416,0.182321556793955,0,0.438254930931155,0.405465108108164,0.693147180559945,1.94591014905531,2.44956728305492,1.09861228866811,0.606117621586842,0,144,0
1.09861228866811,0.693147180559945,0,1.38629436111989,1.79175946922805,0,0.693147180559945,1.09861228866811,0.693147180559945,0,0.693147180559945,0.693147180559945,0,0.470003629245736,0,0,3.13549421592915,1.79175946922805,1.25276296849537,0,49,0
2.56494935746154,1.09861228866811,0,1.6094379124341,3.2188758248682,3.61091791264422,0.693147180559945,1.38629436111989,2.39789527279837,0.572519192925177,0.405465108108164,0,0.438254930931155,0.336472236621213,0.693147180559945,1.94591014905531,2.46385324059017,1.09861228866811,0.606117621586842,0,143,0
2.56494935746154,0.693147180559945,2.83321334405622,3.85014760171006,4.04305126783455,4.11087386417331,3.25809653802148,3.58351893845611,2.56494935746154,0.693147180559945,0.22314355131421,0,0,0.249460859371843,0,0,3.53368656470823,1.6094379124341,0.773205272730524,1,415,0.00240384615384615
2.39789527279837,1.09861228866811,0,1.6094379124341,2.70805020110221,3.8286413964891,1.09861228866811,1.09861228866811,2.39789527279837,0.747214401777589,0.287682072201781,0,0.241162057031174,0.27763173659828,0,0,1.79175946922805,0.693147180559945,0.587786664902119,0,63,0
3.04452243772342,1.09861228866811,0,2.70805020110221,4.18965474202643,4.55387689160054,1.38629436111989,2.70805020110221,2.77258872223978,0.500243514424815,0.693147180559945,1.09861228866811,0.278713402144696,0.143706721059876,0.693147180559945,0.693147180559945,2.78501124223834,1.38629436111989,0.765467842139571,0,327,0
1.38629436111989,0.693147180559945,0,0.693147180559945,3.43398720448515,1.38629436111989,0,0.693147180559945,1.09861228866811,1.09861228866811,0,0,0,0.287682072201781,0,0,4.65396035015752,0.693147180559945,0.510845623565993,0,315,0
2.39789527279837,1.09861228866811,0,1.6094379124341,2.94443897916644,3.8286413964891,0.693147180559945,1.38629436111989,2.19722457733622,0.747214401777589,0,0,0.476924072021344,0.421994410059375,0.693147180559945,1.94591014905531,2.15176220325946,1.09861228866811,0.587786664902119,0,87,0
2.39789527279837,0.693147180559945,0,2.63905732961526,2.39789527279837,3.8286413964891,2.63905732961526,0,2.39789527279837,1.09861228866811,0,0,0,0.336472236621213,0,0,0,0.693147180559945,0.693147180559945,0,10,0
2.484906649788,1.09861228866811,0,1.79175946922805,3.09104245335832,3.91202300542815,1.09861228866811,1.38629436111989,2.30258509299405,0.615185639090233,0.405465108108164,0,0.456758402229048,0.420502985651809,0.693147180559945,1.94591014905531,2.24649562639108,1.09861228866811,0.597847000705621,0,106,0
2.484906649788,1.09861228866811,0,1.79175946922805,3.09104245335832,3.78418963391826,1.09861228866811,1.38629436111989,2.30258509299405,0.615185639090233,0.405465108108164,0,0.456758402229048,0.349375641328916,0.693147180559945,1.94591014905531,2.33830317563121,1.09861228866811,0.693147180559945,0,116,0
2.39789527279837,0.693147180559945,0,1.6094379124341,3.46573590279973,1.38629436111989,0.693147180559945,1.38629436111989,2.30258509299405,0.200670695280333,0,0,0,0.287682072201781,0,0,2.90142159408275,1.09861228866811,0.832909122935104,0,183,0
2.56494935746154,0.693147180559945,0,1.94591014905531,3.43398720448515,3.55534806148941,1.94591014905531,0,2.30258509299405,0.525266307974548,0.693147180559945,0,0,0.318453731118535,0,0,3.22220361482798,1.94591014905531,0.949067651388092,0,306,0
2.56494935746154,1.09861228866811,0,1.79175946922805,3.17805383034795,4.00733318523247,1.09861228866811,1.38629436111989,2.39789527279837,0.646627164877433,0.287682072201781,0,0.438254930931155,0.336472236621213,0.693147180559945,1.94591014905531,2.2512917986065,1.09861228866811,0.606117621586842,0,117,0
2.39789527279837,1.09861228866811,0,1.6094379124341,2.94443897916644,3.68887945411394,1.09861228866811,1.38629436111989,2.30258509299405,0.616186139503817,0.287682072201781,0,0.405465108108164,0.249460859371843,0.693147180559945,1.09861228866811,2.01490302054226,0.693147180559945,0.53062825106217,0,78,0
1.6094379124341,1.6094379124341,0,1.38629436111989,2.19722457733622,1.94591014905531,1.09861228866811,0.693147180559945,1.6094379124341,1.09861228866811,0,0,0.693147180559945,0.510825623965991,0,0,1.6094379124341,0,0,0,20,0
2.19722457733622,0.693147180559945,0,1.38629436111989,3.04452243772342,0,1.09861228866811,1.09861228866811,1.38629436111989,0.314115329485154,0.693147180559945,0.693147180559945,0,0.34830669450351,0,0,3.98201537724818,1.94591014905531,1.21639532432449,0,441,0
2.56494935746154,1.09861228866811,0,1.79175946922805,3.2188758248682,3.85014760171006,0.693147180559945,1.6094379124341,2.39789527279837,0.59783700065562,0.405465108108164,0,0.438254930931155,0.405465108108164,0.693147180559945,1.94591014905531,2.44956728305492,1.09861228866811,0.606117621586842,0,141,0
2.30258509299405,1.09861228866811,0,1.6094379124341,2.63905732961526,3.61091791264422,1.09861228866811,1.09861228866811,2.30258509299405,0.75377180237638,0,0,0.262364264467491,0.287682072201781,0,0,1.929909807725,0.693147180559945,0.575376644825437,0,64,0
1.79175946922805,1.38629436111989,1.38629436111989,1.6094379124341,2.07944154167984,1.6094379124341,1.6094379124341,0,1.79175946922805,0.405465108108164,0.693147180559945,0,0.664976303364678,0.470003629245736,0,0,1.7227665977411,0.693147180559945,0.182321556793955,0,29,0
3.04452243772342,1.09861228866811,0,2.07944154167984,3.71357206670431,4.96284463025991,1.38629436111989,1.6094379124341,2.94443897916644,0.586811530724401,0.606135803388497,0,0.331357136057007,0.262364264467491,0.693147180559945,1.94591014905531,2.82137888640921,2.39789527279837,0.916290731874155,0,342,0
1.38629436111989,0.693147180559945,0,1.6094379124341,1.6094379124341,1.38629436111989,0.693147180559945,1.38629436111989,1.38629436111989,1.09861228866811,0,0,0,0.606135803388497,0,0,0.847297860244346,0.693147180559945,0.510845623565993,1,7,0.125
3.04452243772342,1.09861228866811,0,1.79175946922805,3.46573590279973,4.93447393313069,1.09861228866811,1.38629436111989,2.94443897916644,0.602712315024144,0.6190392083293,0,0.331357136057007,0.307484699747961,0.693147180559945,1.94591014905531,2.7047112998367,1.09861228866811,0.641853886172395,0,306,0
1.6094379124341,0.693147180559945,0,1.94591014905531,2.77258872223978,1.6094379124341,1.6094379124341,1.09861228866811,1.09861228866811,0.287682072201781,0.693147180559945,0,0,0.287682072201781,0,0,2.60268968544438,1.09861228866811,0.559615787935423,0,55,0
3.43398720448515,1.09861228866811,0,1.94591014905531,3.93182563272433,5.79301360838414,1.09861228866811,1.6094379124341,3.36729582998647,0.574285977702634,0.606135803388497,0,0.254234138220976,0.196114879200263,0.693147180559945,1.94591014905531,2.81140871388896,2.19722457733622,1.12060206489303,0,505,0
2.94443897916644,1.09861228866811,0,1.94591014905531,3.58351893845611,3.63758615972639,0.693147180559945,1.79175946922805,2.83321334405622,0.591514534974273,0.45198512347033,1.09861228866811,0.352821374568688,0.312374685286055,0.693147180559945,1.94591014905531,2.7444178455588,1.09861228866811,0.635994649055637,0,287,0
2.56494935746154,1.09861228866811,0,1.79175946922805,3.13549421592915,3.85014760171006,1.09861228866811,1.38629436111989,2.39789527279837,0.59783700065562,0,0,0.438254930931155,0.336472236621213,0.693147180559945,1.94591014905531,2.35137525716348,1.09861228866811,0.693147180559945,0,128,0
0,0.693147180559945,0,1.09861228866811,0,0,1.09861228866811,0,0,1.09861228866811,0,0,0,0,0,0,0,0,0,0,10,0
2.07944154167984,1.38629436111989,0,1.6094379124341,2.89037175789616,0,1.09861228866811,1.09861228866811,1.94591014905531,0.63598876677882,0.287682072201781,0,0.572519192925177,0.421213465201304,0.693147180559945,1.79175946922805,2.81626378548603,0.693147180559945,0.539004834031298,0,120,0
2.30258509299405,0.693147180559945,0,2.484906649788,3.78418963391826,3.36729582998647,0,2.484906649788,1.94591014905531,0.523248143764548,0.693147180559945,0,0,0.287682072201781,0,0,3.8286413964891,2.63905732961526,1.44035631921842,0,416,0
2.07944154167984,0.693147180559945,0,1.6094379124341,3.13549421592915,0,0.693147180559945,1.38629436111989,1.79175946922805,0.154150680112972,0.693147180559945,1.09861228866811,0,0.356674944238732,0,0,2.50843714754703,1.09861228866811,0.693147180559945,1,88,0.0112359550561798
2.56494935746154,0.693147180559945,0,2.07944154167984,3.58351893845611,2.83321334405622,1.09861228866811,1.94591014905531,2.19722457733622,0.546543706210175,0.441832752564753,1.09861228866811,0,0.277210772247643,0,0,3.37302650480974,2.30258509299405,1.09861228866811,0,359,0
3.68887945411394,0.693147180559945,0,1.38629436111989,4.36944785246702,0,1.09861228866811,0.693147180559945,3.66356164612965,0.641853886172395,0,0.693147180559945,0,0.264334708789435,0,0,1.86189129301807,1.09861228866811,0.70586595296772,0,261,0
2.19722457733622,1.09861228866811,0,1.38629436111989,2.77258872223978,1.6094379124341,1.38629436111989,0,1.79175946922805,0.356674944238732,0.693147180559945,0,0.34830669450351,0.354171813720614,0.693147180559945,0.693147180559945,2.38646657697475,0.693147180559945,0.628608659422374,0,90,0
2.94443897916644,1.09861228866811,0,1.94591014905531,3.71357206670431,4.64439089914137,1.09861228866811,1.6094379124341,2.83321334405622,0.614504053349923,0,0.693147180559945,0.352821374568688,0.386772974945069,0.693147180559945,1.94591014905531,2.87794923802261,1.09861228866811,0.773205272730524,0,327,0
2.63905732961526,1.09861228866811,0,1.79175946922805,3.13549421592915,4.20469261939097,1.09861228866811,1.38629436111989,2.484906649788,0.590868331685681,0.510825623965991,0,0.421213465201304,0.336472236621213,0.693147180559945,1.94591014905531,2.35503156832279,1.09861228866811,0.613129472573914,0,140,0
1.6094379124341,1.6094379124341,0,1.6094379124341,2.19722457733622,1.94591014905531,1.38629436111989,0.693147180559945,1.6094379124341,1.09861228866811,0,0,0.693147180559945,0.510825623965991,0,0,1.6094379124341,0,0,0,20,0
2.07944154167984,0.693147180559945,0,2.56494935746154,3.40119738166216,0.693147180559945,2.07944154167984,1.94591014905531,0.693147180559945,0,0.693147180559945,0.693147180559945,0,0.414943851874029,0,0,3.59926729538519,1.09861228866811,0.539004834031298,0,257,0
4.06044301054642,1.09861228866811,0,2.94443897916644,4.47733681447821,7.21744343169653,2.89037175789616,2.07944154167984,2.89037175789616,0.656007633437516,0.693147180559945,0.693147180559945,0.22314355131421,0.235314086579626,0.693147180559945,2.07944154167984,3.44915177476747,2.99573227355399,1.26024916260256,0,1806,0
1.94591014905531,0.693147180559945,0,1.6094379124341,3.13549421592915,0,0.693147180559945,1.38629436111989,0,0.287682072201781,0.693147180559945,0,0,0.405465108108164,0,0,3.28341434613077,1.79175946922805,1.20396280427594,0,163,0
1.94591014905531,0.693147180559945,0,2.39789527279837,2.99573227355399,2.77258872223978,1.09861228866811,2.19722457733622,1.79175946922805,1.09861228866811,0,0,0,0.510825623965991,0,0,3.3499040872746,0.693147180559945,0.606117621586842,0,171,0
2.30258509299405,1.09861228866811,0,1.6094379124341,2.89037175789616,3.61091791264422,0.693147180559945,1.38629436111989,2.07944154167984,0.75377180237638,0,0,0.498991166404702,0.441832752564753,0.693147180559945,1.94591014905531,2.06545529971918,1.09861228866811,0.575376644825437,0,72,0
3.36729582998647,0.693147180559945,0,1.09861228866811,3.58351893845611,5.29330482472449,0.693147180559945,0.693147180559945,3.36729582998647,0.610716663754565,0.693147180559945,0,0,0.324926245314475,0,0,2.6000406769545,2.56494935746154,1.01160091167848,0,388,0
3.91202300542815,1.09861228866811,0,2.19722457733622,4.20469261939097,6.49978704065585,1.6094379124341,1.6094379124341,3.85014760171006,0.642949776517785,0.667829372575655,2.19722457733622,0.179340928297608,0.239672853003125,0.693147180559945,1.94591014905531,2.67062379545597,1.09861228866811,0.662069224989084,0,728,0
2.56494935746154,1.09861228866811,0,1.79175946922805,3.2188758248682,3.85014760171006,0.693147180559945,1.6094379124341,2.39789527279837,0.59783700065562,0.405465108108164,0,0.438254930931155,0.405465108108164,0.693147180559945,1.94591014905531,2.44956728305492,1.09861228866811,0.606117621586842,0,141,0
2.484906649788,1.09861228866811,0,1.79175946922805,3.09104245335832,3.78418963391826,1.09861228866811,1.38629436111989,2.30258509299405,0.615185639090233,0.405465108108164,0,0.456758402229048,0.349375641328916,0.693147180559945,1.94591014905531,2.33830317563121,1.09861228866811,0.693147180559945,0,116,0
3.2188758248682,1.09861228866811,0,2.07944154167984,3.68887945411394,5.32300997913841,1.09861228866811,1.79175946922805,3.09104245335832,0.632658419264052,0.53062825106217,0.693147180559945,0.295464212893836,0.261295317193025,0.693147180559945,1.94591014905531,2.83321334405622,1.6094379124341,0.829293900233287,0,418,0
3.55534806148941,1.09861228866811,0,2.39789527279837,4.11087386417331,5.23644196282995,1.6094379124341,2.07944154167984,3.55534806148941,0.558171744091513,0.63598876677882,1.09861228866811,0.169076329777267,0.181095315267029,1.09861228866811,1.38629436111989,3.05150083293799,2.19722457733622,0.880373356687355,1,728,0.00137174211248285
2.30258509299405,1.09861228866811,0,1.6094379124341,2.63905732961526,3.61091791264422,1.09861228866811,1.09861228866811,2.30258509299405,0.75377180237638,0,0,0.262364264467491,0.287682072201781,0,0,1.89711998493588,0.693147180559945,0.575376644825437,0,62,0
2.484906649788,1.09861228866811,0,1.79175946922805,3.09104245335832,3.91202300542815,1.09861228866811,1.38629436111989,2.30258509299405,0.65924562871185,0.287682072201781,0,0.456758402229048,0.420502985651809,0.693147180559945,1.94591014905531,2.24649562639108,1.09861228866811,0.597847000705621,1,107,0.00925925925925926
1.94591014905531,0.693147180559945,0,0,3.3322045101752,2.77258872223978,0,0,1.79175946922805,1.09861228866811,0,0,0,0.255933374395265,0,0,3.78418963391826,0.693147180559945,0.606117621586842,0,264,0
3.71357206670431,1.09861228866811,0,1.94591014905531,4.11087386417331,4.51085950651685,0.693147180559945,1.79175946922805,3.66356164612965,0.608754748955235,0.661398482245365,2.30258509299405,0.206336433269015,0.242946178610389,0.693147180559945,1.94591014905531,2.95751106073379,1.09861228866811,0.667829372575655,0,786,0
3.2188758248682,0.693147180559945,0,2.19722457733622,3.95124371858143,4.46590811865458,1.38629436111989,1.79175946922805,2.83321334405622,0.515164025078875,0.606135803388497,1.38629436111989,0,0.168335314537525,0,0,2.9109910450989,1.79175946922805,0.996321131779644,1,447,0.00223214285714286
2.83321334405622,1.09861228866811,0,1.79175946922805,3.36729582998647,4.29045944114839,0.693147180559945,1.6094379124341,2.70805020110221,0.65924562871185,0.287682072201781,0,0.377294230912897,0.384411698910332,0.693147180559945,1.94591014905531,2.72866948830495,1.09861228866811,0.628608659422374,0,254,0
2.56494935746154,1.09861228866811,0,1.79175946922805,3.2188758248682,3.85014760171006,0.693147180559945,1.6094379124341,2.39789527279837,0.59783700065562,0.405465108108164,0,0.438254930931155,0.405465108108164,0.693147180559945,1.94591014905531,2.44956728305492,1.09861228866811,0.606117621586842,0,141,0
2.484906649788,1.09861228866811,0,1.79175946922805,3.09104245335832,3.91202300542815,1.09861228866811,1.38629436111989,2.30258509299405,0.615185639090233,0.405465108108164,0,0.456758402229048,0.420502985651809,0.693147180559945,1.94591014905531,2.24649562639108,1.09861228866811,0.597847000705621,0,106,0
2.94443897916644,1.09861228866811,0,1.79175946922805,3.46573590279973,4.52178857704904,0.693147180559945,1.6094379124341,2.83321334405622,0.574628580192158,0.587786664902119,0,0.352821374568688,0.377294230912897,0.693147180559945,1.94591014905531,2.8067217288777,1.09861228866811,0.635994649055637,0,303,0
1.09861228866811,0.693147180559945,0,1.09861228866811,1.6094379124341,0.693147180559945,1.09861228866811,0,0.693147180559945,1.09861228866811,0,0,0,0.405465108108164,0,0,2.9704144655697,1.38629436111989,0.916290731874155,0,39,0
2.83321334405622,0.693147180559945,0,1.09861228866811,3.43398720448515,4.48863636973214,0.693147180559945,0.693147180559945,2.70805020110221,0.520775954421139,0,0.693147180559945,0,0.19782574332992,0,0,2.73274281369258,1.6094379124341,0.75377180237638,0,250,0
3.66356164612965,1.09861228866811,0,2.30258509299405,4.04305126783455,6.23832462503951,1.6094379124341,1.79175946922805,3.58351893845611,0.66168905318683,0.485507815781701,1.6094379124341,0.218689200607687,0.214613061122067,0.693147180559945,1.94591014905531,2.72544194350373,1.38629436111989,0.693147180559945,0,604,0
3.25809653802148,1.09861228866811,0,2.19722457733622,3.71357206670431,5.55682806169954,1.6094379124341,1.6094379124341,3.17805383034795,0.564366390504447,0.587786664902119,0,0.287682072201781,0.262364264467491,0.693147180559945,1.94591014905531,2.73436750941958,2.07944154167984,1.01523067972906,0,390,0
4.14313472639153,1.09861228866811,0,1.94591014905531,4.45434729625351,6.41673228251233,0.693147180559945,1.79175946922805,4.11087386417331,0.669864355464526,0.405465108108164,2.70805020110221,0.145953912499623,0.23596423953945,0.693147180559945,1.94591014905531,3.07179685558329,1.09861228866811,0.676865347985662,0,1390,0
2.77258872223978,1.09861228866811,0,2.07944154167984,3.49650756146648,4.38202663467388,1.6094379124341,1.38629436111989,2.63905732961526,0.579818495412942,0.510825623965991,0,0.390866308981129,0.39429180728532,0.693147180559945,1.94591014905531,2.80537854486116,1.38629436111989,0.78845736036427,0,251,0
3.04452243772342,1.09861228866811,0,1.94591014905531,3.63758615972639,0,0.693147180559945,1.79175946922805,2.94443897916644,0.521296923445786,0.606135803388497,1.6094379124341,0.331357136057007,0.307484699747961,0.693147180559945,1.94591014905531,2.75684036527164,1.09861228866811,0.641853886172395,0,321,0
0,0.693147180559945,0,0,0,0,0,0,0,1.09861228866811,0,0,0,0,0,0,0,0,0,0,4,0
2.39789527279837,1.09861228866811,1.09861228866811,1.79175946922805,3.04452243772342,0,1.09861228866811,1.38629436111989,2.39789527279837,0,0.693147180559945,0.693147180559945,0.494696241836107,0.438254930931155,0.693147180559945,1.09861228866811,1.64865862558738,0.693147180559945,0.641853886172395,0,53,0
2.56494935746154,1.09861228866811,0,1.79175946922805,3.13549421592915,4.00733318523247,1.09861228866811,1.38629436111989,2.39789527279837,0.59783700065562,0.405465108108164,0,0.438254930931155,0.405465108108164,0.693147180559945,1.94591014905531,2.26002547854047,1.09861228866811,0.606117621586842,0,117,0
4.33073334028633,0.693147180559945,0,3.29583686600433,5.30330490805908,5.64190707093811,1.38629436111989,3.17805383034795,4.15888308335967,0.653960250676003,0.362905493689368,1.38629436111989,0,0.132686441253633,0,0,2.73176672771953,2.94443897916644,0.985816794522765,0,1168,0
0.693147180559945,0.693147180559945,0,2.07944154167984,0.693147180559945,0,1.94591014905531,0.693147180559945,0.693147180559945,1.09861228866811,0,0,0,0.693147180559945,0,0,0,0.693147180559945,0.693147180559945,0,1,0
3.98898404656427,0.693147180559945,0,3.49650756146648,5.15329159449778,4.67282883446191,1.09861228866811,3.43398720448515,3.80666248977032,0.630006283890129,0.546543706210175,1.6094379124341,0,0.136669953186512,0,0,3.48674017547788,3.49650756146648,1.12956170931204,1,1743,0.000573394495412844
3.66356164612965,1.09861228866811,0,1.94591014905531,3.97029191355212,6.17378610390194,1.09861228866811,1.6094379124341,3.58351893845611,0.641142395754684,0.661398482245365,1.94591014905531,0.218689200607687,0.289032511448438,0.693147180559945,1.94591014905531,2.61624265211832,1.09861228866811,0.65289793865226,0,536,0
3.3322045101752,1.09861228866811,0,1.94591014905531,3.76120011569356,5.34710753071747,1.09861228866811,1.6094379124341,3.2188758248682,0.613104472803076,0.641853886172395,1.38629436111989,0.280301965331936,0.297251523353646,0.693147180559945,1.94591014905531,2.59580734601481,1.09861228866811,0.635994649055637,0,372,0
2.19722457733622,1.09861228866811,0,2.19722457733622,2.99573227355399,0,1.09861228866811,1.94591014905531,1.94591014905531,0.599621122313828,0.693147180559945,1.94591014905531,0.262364264467491,0.459532329167914,0.693147180559945,1.09861228866811,3.67630067190708,1.6094379124341,0.864997437486605,0,324,0
1.6094379124341,0.693147180559945,0,1.79175946922805,1.6094379124341,1.94591014905531,1.6094379124341,0.693147180559945,1.6094379124341,1.09861228866811,0,0,0,0.459532329167914,0,0,0,0.693147180559945,0.693147180559945,0,4,0
4.57471097850338,1.09861228866811,0,2.30258509299405,4.77068462446567,8.07558263667172,1.79175946922805,1.6094379124341,4.54329478227,0.68369997541281,0.394165552573928,3.55534806148941,0.101469460612228,0.272835564695363,0.693147180559945,1.94591014905531,2.67199115128651,1.38629436111989,0.687933613507058,1,1478,0.000676132521974307
2.30258509299405,1.09861228866811,0,1.6094379124341,2.63905732961526,3.61091791264422,1.09861228866811,1.09861228866811,2.30258509299405,0.75377180237638,0,0,0.262364264467491,0.287682072201781,0,0,1.89711998493588,0.693147180559945,0.575376644825437,0,62,0
1.6094379124341,1.79175946922805,0,1.09861228866811,2.19722457733622,1.94591014905531,0.693147180559945,0.693147180559945,1.6094379124341,1.09861228866811,0,0,0.693147180559945,0.510825623965991,0,0,1.6094379124341,0,0,0,20,0
2.94443897916644,1.09861228866811,0,1.79175946922805,3.43398720448515,4.68213122712422,1.09861228866811,1.38629436111989,2.83321334405622,0.584513339524363,0.606135803388497,0,0.352821374568688,0.377294230912897,0.693147180559945,1.94591014905531,2.64301773114756,1.09861228866811,0.635994649055637,0,259,0
2.39789527279837,1.09861228866811,0,1.6094379124341,2.70805020110221,3.8286413964891,1.09861228866811,1.09861228866811,2.39789527279837,0.747214401777589,0.287682072201781,0,0.241162057031174,0.27763173659828,0,0,1.7227665977411,0.693147180559945,0.587786664902119,0,59,0
2.07944154167984,0.693147180559945,0,2.77258872223978,4.04305126783455,2.30258509299405,1.6094379124341,2.484906649788,1.79175946922805,0.543615446459949,0.693147180559945,0,0,0.154150680112972,0,0,4.61935482069836,2.19722457733622,1.09861228866811,0,713,0
4.69134788222914,0.693147180559945,0,4.11087386417331,5.8348107370626,8.35913488675796,1.79175946922805,4.02535169073515,4.33073334028633,0.660441911328865,0.53899650056602,2.83321334405622,0,0.0760087016937304,0,0,3.42859635574216,3.55534806148941,1.11697597268507,1,3365,0.00029708853238265
0.693147180559945,0.693147180559945,0,2.07944154167984,0.693147180559945,0,1.94591014905531,0.693147180559945,0.693147180559945,1.09861228866811,0,0,0,0.693147180559945,0,0,0,0.693147180559945,0.693147180559945,0,1,0
2.484906649788,1.09861228866811,0,1.94591014905531,3.17805383034795,3.25809653802148,1.38629436111989,1.38629436111989,2.30258509299405,0.587786664902119,0.405465108108164,0,0.438254930931155,0.358945092600256,0.693147180559945,1.94591014905531,2.78949053287479,1.38629436111989,0.780150224181519,0,183,0
0.693147180559945,1.09861228866811,0.693147180559945,1.09861228866811,1.09861228866811,0,0.693147180559945,0.693147180559945,0.693147180559945,1.09861228866811,0,0,0.693147180559945,0.693147180559945,0,0,1.38629436111989,0,0,0,4,0
2.70805020110221,1.09861228866811,0,1.79175946922805,3.3322045101752,4.06044301054642,0.693147180559945,1.6094379124341,2.56494935746154,0.570544858337178,0.510825623965991,0,0.405465108108164,0.393488916965063,0.693147180559945,1.94591014905531,2.61843804210002,1.09861228866811,0.61901613121687,0,195,0
1.6094379124341,1.79175946922805,0,0.693147180559945,2.19722457733622,1.94591014905531,0,0.693147180559945,1.6094379124341,1.09861228866811,0,0,0.693147180559945,0.510825623965991,0,0,1.6094379124341,0,0,0,20,0
1.38629436111989,1.38629436111989,0,2.19722457733622,2.39789527279837,1.38629436111989,1.94591014905531,1.09861228866811,0.693147180559945,1.09861228866811,0,0,0.678758442890455,0.510825623965991,0.693147180559945,0.693147180559945,2.19722457733622,0.693147180559945,0.287657072139276,0,27,0
2.39789527279837,1.09861228866811,0,1.6094379124341,2.77258872223978,3.8286413964891,0.693147180559945,1.38629436111989,2.39789527279837,0.747214401777589,0.287682072201781,0,0.241162057031174,0.27763173659828,0,0,1.7227665977411,0.693147180559945,0.587786664902119,0,59,0
1.79175946922805,1.09861228866811,0,1.79175946922805,2.56494935746154,2.39789527279837,0.693147180559945,1.6094379124341,1.79175946922805,1.09861228866811,0,0,0.441832752564753,0.405465108108164,0,0,1.85629799036563,0.693147180559945,0.587786664902119,0,32,0
3.36729582998647,1.09861228866811,0,2.19722457733622,3.95124371858143,0,1.38629436111989,1.79175946922805,3.29583686600433,0.548977389452292,0.559615787935423,1.38629436111989,0.2602830980345,0.180997929519076,0.693147180559945,1.94591014905531,2.11883394333899,1.38629436111989,0.778682468666208,0,237,0
2.63905732961526,1.09861228866811,0,2.63905732961526,3.17805383034795,0,2.39789527279837,1.38629436111989,2.484906649788,0.496436886400848,0.693147180559945,0.693147180559945,0.371563556432483,0.22825865165445,0.693147180559945,1.09861228866811,3.01099974579842,1.09861228866811,0.653938467334665,0,271,0
2.484906649788,1.09861228866811,0,1.38629436111989,2.70805020110221,3.52636052461616,0.693147180559945,1.38629436111989,2.484906649788,0.641853886172395,0.559615787935423,0,0.362905493689368,0.283126255710441,0.693147180559945,1.09861228866811,1.7292391121822,0.693147180559945,0.597847000705621,0,66,0
3.04452243772342,0.693147180559945,0,1.6094379124341,3.68887945411394,0,1.38629436111989,0.693147180559945,2.99573227355399,0.682565071016642,0.125163142659888,0.693147180559945,0,0.229788093767978,0,0,1.83258146374831,0.693147180559945,0.667829372575655,1,140,0.00709219858156028
2.94443897916644,1.09861228866811,0,1.94591014905531,3.58351893845611,0.693147180559945,0.693147180559945,1.79175946922805,2.83321334405622,0.513175800934888,0.587786664902119,1.38629436111989,0.352821374568688,0.312374685286055,0.693147180559945,1.94591014905531,2.71174706327874,1.09861228866811,0.635994649055637,0,276,0
1.6094379124341,0.693147180559945,0,1.94591014905531,1.6094379124341,1.94591014905531,1.94591014905531,0,1.6094379124341,1.09861228866811,0,0,0,0.693147180559945,0,0,0,0.693147180559945,0.693147180559945,0,4,0
0.693147180559945,0.693147180559945,0,2.07944154167984,0.693147180559945,0,1.94591014905531,0.693147180559945,0.693147180559945,1.09861228866811,0,0,0,0.693147180559945,0,0,0,0.693147180559945,0.693147180559945,0,1,0
1.6094379124341,0.693147180559945,0,1.09861228866811,2.94443897916644,0,0.693147180559945,0.693147180559945,1.6094379124341,0.200670695280333,0.693147180559945,0.693147180559945,0,0.362905493689368,0.693147180559945,0.693147180559945,3.44998754583159,1.94591014905531,1.25276296849537,0,129,0
2.56494935746154,1.09861228866811,0,1.79175946922805,3.2188758248682,3.85014760171006,0.693147180559945,1.6094379124341,2.39789527279837,0.59783700065562,0.405465108108164,0,0.438254930931155,0.405465108108164,0.693147180559945,1.94591014905531,2.44956728305492,1.09861228866811,0.606117621586842,0,141,0
2.56494935746154,1.09861228866811,0,2.07944154167984,3.13549421592915,3.85014760171006,1.6094379124341,1.38629436111989,2.39789527279837,0.59783700065562,0.405465108108164,0,0.438254930931155,0.336472236621213,0.693147180559945,1.94591014905531,2.3434070875463,1.09861228866811,0.693147180559945,0,127,0
2.484906649788,0.693147180559945,0,1.6094379124341,2.77258872223978,3.09104245335832,0.693147180559945,1.38629436111989,2.484906649788,0.427444014609548,0.693147180559945,0,0,0.374693449753911,0,0,2.06801284584472,0.693147180559945,0.492498707073107,0,90,0
1.94591014905531,0.693147180559945,1.09861228866811,1.79175946922805,2.63905732961526,0,1.09861228866811,1.38629436111989,1.6094379124341,0.405465108108164,0.693147180559945,1.09861228866811,0,0.377294230912897,0,0,2.86220088092947,1.38629436111989,0.773205272730524,0,107,0
2.56494935746154,1.09861228866811,0,1.79175946922805,3.13549421592915,4.00733318523247,1.09861228866811,1.38629436111989,2.39789527279837,0.59783700065562,0.405465108108164,0,0.438254930931155,0.405465108108164,0.693147180559945,1.94591014905531,2.26002547854047,1.09861228866811,0.606117621586842,0,117,0
2.99573227355399,1.09861228866811,0,1.94591014905531,3.66356164612965,3.09104245335832,1.09861228866811,1.79175946922805,2.94443897916644,0.521875459842685,0.606135803388497,1.09861228866811,0.265703165666339,0.203401072769058,0.693147180559945,1.09861228866811,2.68318213470405,1.38629436111989,0.666495149562519,0,284,0
2.484906649788,1.09861228866811,0,1.79175946922805,3.25809653802148,3.78418963391826,1.09861228866811,1.38629436111989,2.30258509299405,0.587786664902119,0,0,0.456758402229048,0.349375641328916,0.693147180559945,1.94591014905531,2.79506157786962,1.09861228866811,0.73759459529524,0,182,0
2.77258872223978,0.693147180559945,4.83628190695148,4.99043258677874,3.17805383034795,4.66343909411207,4.99043258677874,0,2.56494935746154,1.09861228866811,0,0,0,0.39429180728532,0,0,1.7227665977411,0.693147180559945,0.587786664902119,0,84,0
2.63905732961526,1.09861228866811,0,1.6094379124341,3.3322045101752,3.85014760171006,0.693147180559945,1.38629436111989,2.484906649788,0.575364145028562,0.287682072201781,0,0.421213465201304,0.287682072201781,0.693147180559945,1.94591014905531,2.72331767318249,1.09861228866811,0.730876397369952,0,201,0
2.484906649788,0.693147180559945,0,1.09861228866811,3.29583686600433,3.98898404656427,0.693147180559945,1.09861228866811,1.94591014905531,0.709676482347221,0.693147180559945,0,0,0.145953912499623,0,0,3.00927649852722,3.2188758248682,1.53393820303245,1,226,0.00440528634361234
2.56494935746154,1.09861228866811,0,1.79175946922805,3.13549421592915,3.85014760171006,1.09861228866811,1.38629436111989,2.39789527279837,0.59783700065562,0.405465108108164,0,0.438254930931155,0.336472236621213,0.693147180559945,1.94591014905531,2.35137525716348,1.09861228866811,0.693147180559945,0,128,0
3.25809653802148,0.693147180559945,0,0,3.40119738166216,0,0,0,3.2188758248682,0.328504067052036,0.693147180559945,0,0,0.272568434387926,0.693147180559945,0.693147180559945,3.2204745462319,2.30258509299405,1.28093384546206,0,629,0
2.83321334405622,0.693147180559945,0,1.09861228866811,3.43398720448515,4.48863636973214,0.693147180559945,0.693147180559945,2.70805020110221,0.520775954421139,0,0.693147180559945,0,0.19782574332992,0,0,2.73274281369258,1.6094379124341,0.75377180237638,0,250,0
2.56494935746154,1.09861228866811,0,1.94591014905531,3.13549421592915,3.85014760171006,1.38629436111989,1.38629436111989,2.39789527279837,0.59783700065562,0.405465108108164,0,0.438254930931155,0.336472236621213,0.693147180559945,1.94591014905531,2.35137525716348,1.09861228866811,0.693147180559945,0,128,0
3.25809653802148,0.693147180559945,0,1.6094379124341,3.40119738166216,0,1.6094379124341,0,3.2188758248682,0.328504067052036,0.693147180559945,0,0,0.307484699747961,0.693147180559945,0.693147180559945,3.2204745462319,2.30258509299405,1.28093384546206,0,629,0
